Scientific Name,Scientific Name Synonyms,English Name,English Name Synonyms,Species Code,Element Code,Global Status,Global Status Review Date,Prov Status,Prov Status Review Date,Prov Status Change Date,COSEWIC,COSEWIC Comments,BC List,Provincial FRPA,Land Use Objectives,Ecosection,Prov Wildlife Act,GOERT,MBCA,SARA,SARA Comments,General Status Canada,CITES,Name Category,Class (English),Species Level,Kingdom,Phylum,Class,Order,Family,Forest Dist,MOE Region,Regional Dist,Municipality,BGC,Habitat Subtype,Origin,Presence,Breeding Bird,Ecosystem Group,Endemic,CDC Maps,Mapping Status
Acantholiparis caecus,,Fanged Snailfish,,F-ACCA,AFC4G21020,GNR,,SNR,,,,,Not Reviewed,,,,,,,,,,,Vertebrate Animal,ray-finned fishes,,Animalia,Craniata,Actinopterygii,Perciformes,Liparidae,,,,,,,Native,Regularly occurring,,,N,N,
Acantholiparis opercularis,,Spiny Snailfish,,F-ACOP,AFC4G21010,GNR,,SNR,,,,,Not Reviewed,,,,,,,,,,,Vertebrate Animal,ray-finned fishes,,Animalia,Craniata,Actinopterygii,Perciformes,Liparidae,,,,,,,Native,Regularly occurring,,,N,N,
Acipenser medirostris,,Green Sturgeon,,F-ACME,AFCAA01030,G2,May 2022,S2S3N,May 2019,May 2019,SC (Nov 2013),,Blue,,,Alsek Ranges; Bulkley Ranges; Central Boundary Ranges; Continental Slope; Central Pacific Ranges; Cranberry Upland; Dixon Entrance; Eastern Pacific Ranges; Eastern Skeena Mountains; Fraser Lowland; Georgia Lowland; Hecate Lowland; Hecate Strait; Hozameen Range; Juan de Fuca Strait; Johnstone Strait; Kimsquit Mountains; Kitimat Ranges; Leeward Pacific Ranges; Meziadin Mountains; Nass Basin; Nanaimo Lowland; Nass Mountains; Northern Boundary Ranges; North Coast Fjords; Nicola Basin; Northern Pacific Ranges; Northern Skeena Mountains; Northwestern Cascade Ranges; Nahwitti Lowland; Okanagan Range; Outer Fjordland; Pavilion Ranges; Queen Charlotte Lowland; Queen Charlotte Ranges; Queen Charlotte Sound; Queen Charlotte Strait; Southern Boreal Plateau; Southern Boundary Ranges; Southern Chilcotin Ranges; Southern Gulf Islands; Skidegate Plateau; Strait of Georgia; Southern Pacific Ranges; Southern Skeena Mountains; Stikine Highland; Stikine Plateau; Tatshenshini Basin; Tagish Highland; Teslin Plateau; Tahltan Highland; Vancouver Island Shelf,,,,1-SC (Aug 2006),,2 - May be at risk(2005),,Vertebrate Animal,ray-finned fishes,,Animalia,Craniata,Actinopterygii,Acipenseriformes,Acipenseridae,,1- Vancouver Island; 2- Lower Mainland; 3- Thompson; 5- Cariboo; 6- Skeena; 8- Okanagan,Capital Regional District; Central Coast Regional District; Comox Valley Regional District; Cowichan Valley Regional District; Fraser Valley Regional District; Metro Vancouver Regional District; North Coast Regional District; Regional District of Bulkley-Nechako; Regional District of Kitimat-Stikine; Regional District of Mount Waddington; Regional District of Nanaimo; Regional District of Okanagan-Similkameen; Sunshine Coast Regional District; Squamish-Lillooet Regional District; Strathcona Regional District; Stikine Region (Unincorporated); Thompson-Nicola Regional District; qathet Regional District,Anmore; Belcarra; Bowen Island; Burnaby; Coquitlam; Delta; Langley - City; Maple Ridge; New Westminster; North Vancouver - City; Pitt Meadows; Port Coquitlam; Port Moody; Richmond; Surrey; Vancouver; West Vancouver; White Rock; Lions Bay; Langley - District; North Vancouver - District; Princeton; Squamish; Whistler; Pemberton; Central Saanich; Highlands; Langford; North Saanich; Oak Bay; Saanich; Sidney; Comox; Courtenay; Ladysmith; North Cowichan; Parksville; Lantzville; Nanaimo; Qualicum Beach; Powell River; Gibsons; Sechelt; Campbell River; Kitimat; Stewart; Terrace; Daajing Giids; Masset; Port Clements; Port Edward; Prince Rupert; Abbotsford; Chilliwack; Harrison Hot Springs; Hope; Kent; Mission,CDF; CWH,Ocean / Eelgrass Beds / Obligate ; Ocean / Intertidal Marine / Obligate ; Ocean / Kelp Bed / Obligate ; Ocean / Marine Island / Obligate ; Ocean / Pelagic / Obligate ; Ocean / Reefs / Obligate ; Ocean / Sheltered Waters - Marine / Obligate ; Ocean / Subtidal Marine / Obligate,Native,Regularly occurring,,,N,N,
Acipenser transmontanus,,White Sturgeon,,F-ACTR,AFCAA01050,G3,Mar 2024,S2,Apr 2018,Nov 1994,E/T (Nov 2012),"COSEWIC status is applied at the population level. Populations 1, 2 and 5 are E and population 4 is T.",No Status,,,Babine Upland; Big Bend Trench; Bowron Valley; Bulkley Basin; Bulkley Ranges; Cariboo Basin; Cariboo Mountains; Cariboo Plateau; Central Boundary Ranges; Central Columbia Mountains; Central Chilcotin Ranges; Chilcotin Plateau; Central Park Ranges; Central Pacific Ranges; Cranberry Upland; East Kootenay Trench; Elk Valley; Eastern Purcell Mountains; Eastern Pacific Ranges; Eastern Skeena Mountains; Fraser River Basin; Fraser Lowland; Front Ranges; Georgia Lowland; Guichon Upland; Hart Foothills; Hozameen Range; Juan de Fuca Strait; Johnstone Strait; Leeward Pacific Ranges; Manson Plateau; McGregor Plateau; McGillivray Range; Meziadin Mountains; Misinchinka Ranges; Nass Basin; Nanaimo Lowland; Nazko Upland; Nechako Lowland; Nechako Upland; Northern Hart Ranges; Nicola Basin; Northern Kootenay Mountains; Northern Okanagan Basin; Northern Okanagan Highland; Northern Omineca Mountains; Northern Park Ranges; Northern Shuswap Highland; Northern Skeena Mountains; Northern Thompson Upland; Northwestern Cascade Ranges; Okanagan Range; Outer Fjordland; Pavilion Ranges; Parsnip Trench; Peace Foothills; Quesnel Highland; Quesnel Lowland; Southern Boreal Plateau; Southern Boundary Ranges; Southern Columbia Mountains; Southern Chilcotin Ranges; Selkirk Foothills; Southern Gulf Islands; Shuswap Basin; Southern Hart Ranges; Southern Okanogan Basin; Strait of Georgia; Southern Okanogan Highland; Southern Omineca Mountains; Southern Park Ranges; Southern Purcell Mountains; Southern Pacific Ranges; Shuswap River Highland; Southern Skeena Mountains; Stikine Highland; Thompson Basin; Tranquille Upland; Upper Columbia Valley; Upper Fraser Trench; Western Chilcotin Ranges; Western Chilcotin Upland; Western Okanagan Upland,,,,,,1 - At Risk(2005),II,Vertebrate Animal,ray-finned fishes,,Animalia,Craniata,Actinopterygii,Acipenseriformes,Acipenseridae,,1- Vancouver Island; 2- Lower Mainland; 3- Thompson; 4- Kootenay; 5- Cariboo; 6- Skeena; 7- Omineca; 8- Okanagan; 9- Peace,Capital Regional District; Central Coast Regional District; Comox Valley Regional District; Cariboo Regional District; Columbia Shuswap Regional District; Cowichan Valley Regional District; Fraser Valley Regional District; Metro Vancouver Regional District; Peace River Regional District; Regional District of Bulkley-Nechako; Regional District of Central Kootenay; Regional District of Central Okanagan; Regional District of East Kootenay; Regional District of Fraser-Fort George; Regional District of Kootenay Boundary; Regional District of Kitimat-Stikine; Regional District of Mount Waddington; Regional District of Nanaimo; Regional District of North Okanagan; Regional District of Okanagan-Similkameen; Sunshine Coast Regional District; Squamish-Lillooet Regional District; Strathcona Regional District; Stikine Region (Unincorporated); Thompson-Nicola Regional District; qathet Regional District,Vanderhoof; Anmore; Belcarra; Bowen Island; Burnaby; Coquitlam; Delta; Langley - City; Maple Ridge; New Westminster; North Vancouver - City; Pitt Meadows; Port Coquitlam; Port Moody; Richmond; Surrey; Vancouver; West Vancouver; White Rock; Lions Bay; Langley - District; North Vancouver - District; Keremeos; Princeton; Lillooet; Squamish; Whistler; Pemberton; Ashcroft; Chase; Clinton; Kamloops; Logan Lake; Barriere; Cache Creek; Clearwater; Lytton; Merritt; Sun Peaks; Nelson; Slocan; Salmo; Silverton; Creston; Kaslo; New Denver; Nakusp; Castlegar; 100 Mile House; Golden; Revelstoke; Salmon Arm; Sicamous; Quesnel; Canal Flats; Wells; Invermere; ; Kimberley; Radium Hot Springs; Williams Lake; Grand Forks; Greenwood; Midway; Montrose; Rossland; Trail; Warfield; Fruitvale; Armstrong; Coldstream; Enderby; Spallumcheen; Central Saanich; Highlands; Langford; North Saanich; Oak Bay; Saanich; Sidney; Comox; Courtenay; Ladysmith; North Cowichan; Burns Lake; Parksville; Lantzville; Nanaimo; Qualicum Beach; Powell River; Gibsons; Sechelt; Campbell River; Mackenzie; McBride; Prince George; Valemount; Fort St James; Fraser Lake; Granisle; Houston; Smithers; Lake Country; West Kelowna; Telkwa; Abbotsford; Chilliwack; Harrison Hot Springs; Hope; Kent; Mission,BG; CDF; CWH; ICH; IDF; MS; PP; SBS,Lakes / Lake / Unknown ; Lakes / Pond/Open Water / Unknown ; Ocean / Eelgrass Beds / Facultative - occasional use ; Ocean / Intertidal Marine / Facultative - occasional use ; Ocean / Kelp Bed / Facultative - occasional use ; Ocean / Marine Island / Facultative - occasional use ; Ocean / Pelagic / Facultative - occasional use ; Ocean / Reefs / Facultative - occasional use ; Ocean / Sheltered Waters - Marine / Facultative - occasional use ; Ocean / Subtidal Marine / Facultative - occasional use ; Other Unique Habitats / Estuary / Unknown ; Stream/River / Stream/River / Obligate,Native,Regularly occurring,,,N,N,
Acipenser transmontanus pop. 1,,White Sturgeon (Upper Kootenay River Population),,F-ACTR-01,AFCAA01051,G3T1Q,Feb 2006,S1,Apr 2018,Nov 1993,E (Nov 2012),,Red,,,Big Bend Trench; Cariboo Mountains; Central Columbia Mountains; East Kootenay Trench; Eastern Purcell Mountains; McGillivray Range; Northern Kootenay Mountains; Northern Shuswap Highland; Southern Columbia Mountains; Selkirk Foothills; Southern Purcell Mountains; Shuswap River Highland,,,,1-E (Jun 2003),,,,Vertebrate Animal,ray-finned fishes,,Animalia,Craniata,Actinopterygii,Acipenseriformes,Acipenseridae,,3- Thompson; 4- Kootenay; 7- Omineca; 8- Okanagan,Columbia Shuswap Regional District; Regional District of Central Kootenay; Regional District of East Kootenay; Regional District of Fraser-Fort George; Regional District of North Okanagan; Thompson-Nicola Regional District,Nelson; Slocan; Silverton; Creston; Kaslo; New Denver; Nakusp; Revelstoke; ; Kimberley,ICH,Stream/River / Stream/River / Obligate,Native,Regularly occurring,,,N,Y,
Acipenser transmontanus pop. 2,,White Sturgeon (Upper Columbia River Population),,F-ACTR-02,AFCAA01052,G3T3Q,Mar 2024,S1,Apr 2018,Dec 1994,E (Nov 2012),,Red,,,Big Bend Trench; Cariboo Mountains; Central Columbia Mountains; Central Park Ranges; East Kootenay Trench; Elk Valley; Eastern Purcell Mountains; McGillivray Range; Northern Kootenay Mountains; Northern Okanagan Basin; Northern Okanagan Highland; Northern Park Ranges; Northern Shuswap Highland; Southern Columbia Mountains; Selkirk Foothills; Shuswap Basin; Southern Okanogan Basin; Southern Okanogan Highland; Southern Park Ranges; Southern Purcell Mountains; Shuswap River Highland; Upper Columbia Valley; Upper Fraser Trench,,,,1-E (Jun 2003),,,,Vertebrate Animal,ray-finned fishes,,Animalia,Craniata,Actinopterygii,Acipenseriformes,Acipenseridae,,3- Thompson; 4- Kootenay; 7- Omineca; 8- Okanagan,Columbia Shuswap Regional District; Regional District of Central Kootenay; Regional District of Central Okanagan; Regional District of East Kootenay; Regional District of Fraser-Fort George; Regional District of Kootenay Boundary; Regional District of North Okanagan; Regional District of Okanagan-Similkameen; Thompson-Nicola Regional District,Nelson; Slocan; Salmo; Silverton; Creston; Kaslo; New Denver; Nakusp; Castlegar; Golden; Revelstoke; Salmon Arm; Sicamous; Canal Flats; Invermere; ; Kimberley; Radium Hot Springs; Grand Forks; Greenwood; Midway; Montrose; Rossland; Trail; Warfield; Fruitvale; Coldstream; Spallumcheen; Lake Country,ICH,Lakes / Lake / Unknown ; Lakes / Pond/Open Water / Unknown ; Stream/River / Stream/River / Unknown,Native,Regularly occurring,,,N,Y,
Acipenser transmontanus pop. 4,,White Sturgeon (Lower Fraser River Population),,F-ACTR-04,AFCAA01054,G3T2Q,Mar 2002,S1S2,Apr 2018,Apr 2018,T (Nov 2012),,Red,,,Cariboo Basin; Central Chilcotin Ranges; Chilcotin Plateau; Central Pacific Ranges; Eastern Pacific Ranges; Fraser River Basin; Fraser Lowland; Georgia Lowland; Guichon Upland; Hozameen Range; Juan de Fuca Strait; Johnstone Strait; Leeward Pacific Ranges; Nanaimo Lowland; Nicola Basin; Northern Okanagan Basin; Northern Thompson Upland; Northwestern Cascade Ranges; Okanagan Range; Outer Fjordland; Pavilion Ranges; Southern Chilcotin Ranges; Southern Gulf Islands; Shuswap Basin; Southern Okanogan Basin; Strait of Georgia; Southern Pacific Ranges; Thompson Basin; Tranquille Upland; Western Chilcotin Ranges; Western Okanagan Upland,,,,,,,,Vertebrate Animal,ray-finned fishes,,Animalia,Craniata,Actinopterygii,Acipenseriformes,Acipenseridae,,1- Vancouver Island; 2- Lower Mainland; 3- Thompson; 5- Cariboo; 8- Okanagan,Capital Regional District; Comox Valley Regional District; Cariboo Regional District; Columbia Shuswap Regional District; Cowichan Valley Regional District; Fraser Valley Regional District; Metro Vancouver Regional District; Regional District of Central Okanagan; Regional District of Mount Waddington; Regional District of Nanaimo; Regional District of North Okanagan; Regional District of Okanagan-Similkameen; Sunshine Coast Regional District; Squamish-Lillooet Regional District; Strathcona Regional District; Thompson-Nicola Regional District; qathet Regional District,Anmore; Belcarra; Bowen Island; Burnaby; Coquitlam; Delta; Langley - City; Maple Ridge; New Westminster; North Vancouver - City; Pitt Meadows; Port Coquitlam; Port Moody; Richmond; Surrey; Vancouver; West Vancouver; White Rock; Lions Bay; Langley - District; North Vancouver - District; Keremeos; Princeton; Lillooet; Squamish; Whistler; Pemberton; Ashcroft; Chase; Kamloops; Logan Lake; Cache Creek; Lytton; Merritt; Central Saanich; Highlands; Langford; North Saanich; Oak Bay; Saanich; Sidney; Comox; Courtenay; Ladysmith; North Cowichan; Parksville; Lantzville; Nanaimo; Qualicum Beach; Powell River; Gibsons; Sechelt; Campbell River; West Kelowna; Abbotsford; Chilliwack; Harrison Hot Springs; Hope; Kent; Mission,CDF; CWH; IDF,Ocean / Eelgrass Beds / Facultative - frequent use ; Ocean / Intertidal Marine / Facultative - frequent use ; Ocean / Kelp Bed / Facultative - frequent use ; Ocean / Marine Island / Facultative - frequent use ; Ocean / Pelagic / Facultative - frequent use ; Ocean / Reefs / Facultative - frequent use ; Ocean / Sheltered Waters - Marine / Facultative - frequent use ; Ocean / Subtidal Marine / Facultative - frequent use ; Stream/River / Stream/River / Obligate,Native,Regularly occurring,,,Y,Y,
Acipenser transmontanus pop. 5,,White Sturgeon (Upper Fraser River Population),,F-ACTR-05,AFCAA01055,G3T1Q,Oct 2001,S2,Apr 2018,Jun 2018,E (Nov 2012),,Red,,,Babine Upland; Big Bend Trench; Bowron Valley; Bulkley Basin; Bulkley Ranges; Cariboo Basin; Cariboo Mountains; Cariboo Plateau; Central Columbia Mountains; Central Chilcotin Ranges; Chilcotin Plateau; Central Park Ranges; Cranberry Upland; Eastern Purcell Mountains; Eastern Pacific Ranges; Eastern Skeena Mountains; Fraser River Basin; Front Ranges; Guichon Upland; Hart Foothills; Hozameen Range; Leeward Pacific Ranges; Manson Plateau; McGregor Plateau; Misinchinka Ranges; Nazko Upland; Nechako Lowland; Nechako Upland; Northern Hart Ranges; Nicola Basin; Northern Kootenay Mountains; Northern Park Ranges; Northern Shuswap Highland; Northern Thompson Upland; Okanagan Range; Pavilion Ranges; Parsnip Trench; Peace Foothills; Quesnel Highland; Quesnel Lowland; Southern Chilcotin Ranges; Shuswap Basin; Southern Hart Ranges; Southern Omineca Mountains; Southern Park Ranges; Shuswap River Highland; Southern Skeena Mountains; Thompson Basin; Tranquille Upland; Upper Columbia Valley; Upper Fraser Trench; Western Chilcotin Ranges; Western Chilcotin Upland,,,,1-E (Jun 2003),,,,Vertebrate Animal,ray-finned fishes,,Animalia,Craniata,Actinopterygii,Acipenseriformes,Acipenseridae,,2- Lower Mainland; 3- Thompson; 4- Kootenay; 5- Cariboo; 6- Skeena; 7- Omineca; 8- Okanagan; 9- Peace,Cariboo Regional District; Columbia Shuswap Regional District; Fraser Valley Regional District; Peace River Regional District; Regional District of Bulkley-Nechako; Regional District of Central Kootenay; Regional District of East Kootenay; Regional District of Fraser-Fort George; Regional District of Kitimat-Stikine; Regional District of Okanagan-Similkameen; Squamish-Lillooet Regional District; Stikine Region (Unincorporated); Thompson-Nicola Regional District,Vanderhoof; Princeton; Lillooet; Chase; Clinton; Barriere; Clearwater; Lytton; Sun Peaks; 100 Mile House; Revelstoke; Quesnel; Wells; Williams Lake; Burns Lake; Mackenzie; McBride; Prince George; Valemount; Fort St James; Fraser Lake; Granisle; Houston; Smithers; Telkwa,ICH; SBS,Lakes / Lake / Unknown ; Lakes / Pond/Open Water / Unknown ; Stream/River / Stream/River / Obligate,Native,Regularly occurring,,,Y,Y,
Agonopsis vulsa,,Northern Spearnose Poacher,,F-AGVU,AFC4F02020,GNR,,SNR,,,,,Not Reviewed,,,,,,,,,,,Vertebrate Animal,ray-finned fishes,,Animalia,Craniata,Actinopterygii,Perciformes,Agonidae,,,,,,,Native,Regularly occurring,,,N,N,
Albatrossia pectoralis,,Giant Grenadier,,F-ALPE,AFCMC05010,GNR,,SNR,,,,,Not Reviewed,,,,,,,,,,,Vertebrate Animal,ray-finned fishes,,Animalia,Craniata,Actinopterygii,Gadiformes,Macrouridae,,,,,,,Native,Regularly occurring,,,N,N,
Alepisaurus ferox,,Longnose Lancetfish,,F-ALFE,AFC8E01020,G5,Dec 2017,SNR,,,,,Not Reviewed,,,,,,,,,,,Vertebrate Animal,ray-finned fishes,,Animalia,Craniata,Actinopterygii,Aulopiformes,Alepisauridae,,,,,,,Native,Regularly occurring,,,N,N,
Alepocephalus tenebrosus,,California Slickhead,,F-ALTE,AFCHH02010,GNR,,SNR,,,,,Not Reviewed,,,,,,,,,,,Vertebrate Animal,ray-finned fishes,,Animalia,Craniata,Actinopterygii,Alepocephaliformes,Alepocephalidae,,,,,,,Native,Regularly occurring,,,N,N,
Allocyttus folletti,,Oxeye Oreo,,F-ALFO,AFC1D01010,GNR,,SNR,,,,,Not Reviewed,,,,,,,,,,,Vertebrate Animal,ray-finned fishes,,Animalia,Craniata,Actinopterygii,Zeiformes,Oreosomatidae,,,,,,,Native,Regularly occurring,,,N,N,
Allolumpenus hypochromus,,Y-prickleback,,F-ALHY,AFCSC04010,GNR,,SNR,,,NAR (May 1991),,Not Reviewed,,,,,,,,,,,Vertebrate Animal,ray-finned fishes,,Animalia,Craniata,Actinopterygii,Perciformes,Stichaeidae,,,,,,,Native,Regularly occurring,,,N,N,
Allosmerus elongatus,,Whitebait Smelt,,F-ALEL,AFCHB05010,GNR,,SNR,,,,,Not Reviewed,,,,,,,,,,,Vertebrate Animal,ray-finned fishes,,Animalia,Craniata,Actinopterygii,Osmeriformes,Osmeridae,,,,,,,Native,Regularly occurring,,,N,N,
Alopias vulpinus,,Thresher Shark,,F-ALVU,AFDDC01020,GNR,,SNR,,,,,Not Reviewed,,,,,,,,,,,Vertebrate Animal,cartilaginous fishes,,Animalia,Craniata,Chondrichthyes,Lamniformes,Alopiidae,,,,,,,Native,Regularly occurring,,,N,N,
Alosa sapidissima,,American Shad,,F-ALSA,AFCFA01060,G5,Dec 2017,SNA,Jul 2025,Jan 2003,,,Exotic,,,,,,,,,4 - Secure(2005),,Vertebrate Animal,ray-finned fishes,,Animalia,Craniata,Actinopterygii,Clupeiformes,Alosidae,,,,,,,Exotic,Regularly occurring,,,N,N,
Amblyraja badia,,Broad Skate,,F-AMBA,AFDFD01180,GNR,,SNR,,,,,Not Reviewed,,,,,,,,,,,Vertebrate Animal,cartilaginous fishes,,Animalia,Craniata,Chondrichthyes,Rajiformes,Rajidae,,,,,,,Native,Regularly occurring,,,N,N,
Ameiurus melas,,Black Bullhead,,F-AMME,AFCKA06030,G5,Aug 2015,SNA,Jul 2025,Jan 2003,,,Exotic,,,,,,,,,4 - Secure(2005),,Vertebrate Animal,ray-finned fishes,,Animalia,Craniata,Actinopterygii,Siluriformes,Ictaluridae,,,,,,,Exotic,Regularly occurring,,,N,N,
Ameiurus natalis,Ictalurus natalis,Yellow Bullhead,,F-ICNA,AFCKA06040,G5,Oct 2011,SNA,Jul 2025,Dec 2015,,,Exotic,,,,,,,,,,,Vertebrate Animal,ray-finned fishes,,Animalia,Craniata,Actinopterygii,Siluriformes,Ictaluridae,,,,,,,Exotic,Regularly occurring,,,N,N,
Ameiurus nebulosus,,Brown Bullhead,,F-AMNE,AFCKA06050,G5,Aug 2015,SNA,Jul 2025,Jan 2003,,,Exotic,,,,,,,,,4 - Secure(2005),,Vertebrate Animal,ray-finned fishes,,Animalia,Craniata,Actinopterygii,Siluriformes,Ictaluridae,,,,,,,Exotic,Regularly occurring,,,N,N,
Ammodytes hexapterus,,Pacific Sand Lance,,F-AMHE,AFCS601030,G5,Apr 2017,SNR,,,,,Not Reviewed,,,,,,,,,,,Vertebrate Animal,ray-finned fishes,,Animalia,Craniata,Actinopterygii,Labriformes,Ammodytidae,,,,,,,Native,Regularly occurring,,,N,N,
Amphistichus rhodoterus,,Redtail Surfperch,,F-AMRH,AFCQK03030,GNR,,SNR,,,,,Not Reviewed,,,,,,,,,,,Vertebrate Animal,ray-finned fishes,,Animalia,Craniata,Actinopterygii,Blenniiformes,Embiotocidae,,,,,,,Native,Regularly occurring,,,N,N,
Anarrhichthys ocellatus,,Wolf-eel,,F-ANOC,AFCSD02010,G5,Feb 2017,SNR,,,NAR (May 2003),,Not Reviewed,,,,,,,,,,,Vertebrate Animal,ray-finned fishes,,Animalia,Craniata,Actinopterygii,Perciformes,Anarhichadidae,,,,,,,Native,Regularly occurring,,,N,N,
Anoplagonus inermis,,Smooth Alligatorfish,,F-ANIN,AFC4F05010,GNR,,SNR,,,,,Not Reviewed,,,,,,,,,,,Vertebrate Animal,ray-finned fishes,,Animalia,Craniata,Actinopterygii,Perciformes,Agonidae,,,,,,,Native,Regularly occurring,,,N,N,
Anoplarchus insignis,,Slender Cockscomb,,F-ANIS,AFCSC05010,GNR,,SNR,,,,,Not Reviewed,,,,,,,,,,,Vertebrate Animal,ray-finned fishes,,Animalia,Craniata,Actinopterygii,Perciformes,Stichaeidae,,,,,,,Native,Regularly occurring,,,N,N,
Anoplarchus purpurescens,,High Cockscomb,,F-ANPU,AFCSC05020,GNR,,SNR,,,,,Not Reviewed,,,,,,,,,,,Vertebrate Animal,ray-finned fishes,,Animalia,Craniata,Actinopterygii,Perciformes,Stichaeidae,,,,,,,Native,Regularly occurring,,,N,N,
Anoplogaster cornuta,,Longhorn Fangtooth,,F-ANCO,AFCZD02010,G5,Dec 2017,SNR,,,,,Not Reviewed,,,,,,,,,,,Vertebrate Animal,ray-finned fishes,,Animalia,Craniata,Actinopterygii,Trachichthyiformes,Anoplogastridae,,,,,,,Native,Regularly occurring,,,N,N,
Anoplopoma fimbria,,Sablefish,,F-ANFI,AFC4C01010,G5,Dec 2017,SNR,,,,,Not Reviewed,,,,,,,,,,,Vertebrate Animal,ray-finned fishes,,Animalia,Craniata,Actinopterygii,Perciformes,Anoplopomatidae,,,,,,,Native,Regularly occurring,,,N,N,
Anotopterus nikparini,,North Pacific Daggertooth,,F-ANNI,AFC8F01020,GNR,,SNR,,,,,Not Reviewed,,,,,,,,,,,Vertebrate Animal,ray-finned fishes,,Animalia,Craniata,Actinopterygii,Aulopiformes,Anotopteridae,,,,,,,Native,Regularly occurring,,,N,N,
Antimora microlepis,,Pacific Flatnose,,F-ANMI,AFCMH01020,GNR,,SNR,,,,,Not Reviewed,,,,,,,,,,,Vertebrate Animal,ray-finned fishes,,Animalia,Craniata,Actinopterygii,Gadiformes,Moridae,,,,,,,Native,Regularly occurring,,,N,N,
Aphanopus carbo,,Black Scabbardfish,,F-APCA,AFCS211010,GNR,,SNR,,,,,Not Reviewed,,,,,,,,,,,Vertebrate Animal,ray-finned fishes,,Animalia,Craniata,Actinopterygii,Scombriformes,Trichiuridae,,,,,,,Native,Regularly occurring,,,N,N,
Apodichthys flavidus,,Penpoint Gunnel,,F-APFL,AFCQR03020,GNR,,SNR,,,,,Not Reviewed,,,,,,,,,,,Vertebrate Animal,ray-finned fishes,,Animalia,Craniata,Actinopterygii,Perciformes,Pholidae,,,,,,,Native,Regularly occurring,,,N,N,
Apodichthys fucorum,,Rockweed Gunnel,,F-APFU,AFCQR03010,GNR,,SNR,,,,,Not Reviewed,,,,,,,,,,,Vertebrate Animal,ray-finned fishes,,Animalia,Craniata,Actinopterygii,Perciformes,Pholidae,,,,,,,Native,Regularly occurring,,,N,N,
Apristurus brunneus,,Brown Cat Shark,,F-APBR,AFDDF01010,GNR,,SNR,,,DD (Apr 2007),,Not Reviewed,,,,,,,,,,,Vertebrate Animal,cartilaginous fishes,,Animalia,Craniata,Chondrichthyes,Carcharhiniformes,Pentanchidae,,,,,,,Native,Regularly occurring,,,N,N,
Aptocyclus ventricosus,,Smooth Lumpsucker,,F-APVE,AFC4G08010,GNR,,SNR,,,,,Not Reviewed,,,,,,,,,,,Vertebrate Animal,ray-finned fishes,,Animalia,Craniata,Actinopterygii,Perciformes,Cyclopteridae,,,,,,,Native,Regularly occurring,,,N,N,
Arctozenus risso,,White Barracudina,,F-ARRI,AFC8D02010,G5,Dec 2017,SNR,,,,,Not Reviewed,,,,,,,,,,,Vertebrate Animal,ray-finned fishes,,Animalia,Craniata,Actinopterygii,Aulopiformes,Paralepididae,,,,,,,Native,Regularly occurring,,,N,N,
Argyropelecus sladeni,,Lowcrest Hatchetfish,,F-ARSL,AFC7C01020,G5,Mar 2009,SNR,,,,,Not Reviewed,,,,,,,,,,,Vertebrate Animal,ray-finned fishes,,Animalia,Craniata,Actinopterygii,Stomiiformes,Sternoptychidae,,,,,,,Native,Regularly occurring,,,N,N,
Aristostomias scintillans,,Shining Loosejaw,,F-ARSC,AFC7B04010,GNR,,SNR,,,,,Not Reviewed,,,,,,,,,,,Vertebrate Animal,ray-finned fishes,,Animalia,Craniata,Actinopterygii,Stomiiformes,Stomiidae,,,,,,,Native,Regularly occurring,,,N,N,
Artedius fenestralis,,Padded Sculpin,,F-ARFE,AFC4E23020,GNR,,SNR,,,,,Not Reviewed,,,,,,,,,,,Vertebrate Animal,ray-finned fishes,,Animalia,Craniata,Actinopterygii,Perciformes,Psychrolutidae,,,,,,,Native,Regularly occurring,,,N,N,
Artedius harringtoni,,Scalyhead Sculpin,,F-ARHA,AFC4E23030,GNR,,SNR,,,,,Not Reviewed,,,,,,,,,,,Vertebrate Animal,ray-finned fishes,,Animalia,Craniata,Actinopterygii,Perciformes,Psychrolutidae,,,,,,,Native,Regularly occurring,,,N,N,
Artedius lateralis,,Smoothhead Sculpin,,F-ARLA,AFC4E23040,GNR,,SNR,,,,,Not Reviewed,,,,,,,,,,,Vertebrate Animal,ray-finned fishes,,Animalia,Craniata,Actinopterygii,Perciformes,Psychrolutidae,,,,,,,Native,Regularly occurring,,,N,N,
Ascelichthys rhodorus,,Rosylip Sculpin,,F-ASRH,AFC4E24010,GNR,,SNR,,,,,Not Reviewed,,,,,,,,,,,Vertebrate Animal,ray-finned fishes,,Animalia,Craniata,Actinopterygii,Perciformes,Psychrolutidae,,,,,,,Native,Regularly occurring,,,N,N,
Asemichthys taylori,Radulinus taylori,Spinynose Sculpin,,F-ASTA,AFC4E25010,GNR,,SNR,,,DD (May 1997),,Not Reviewed,,,,,,,,,,,Vertebrate Animal,ray-finned fishes,,Animalia,Craniata,Actinopterygii,Perciformes,Psychrolutidae,,,,,,,Native,Regularly occurring,,,N,N,
Atheresthes stomias,,Arrowtooth,,F-ATST,AFCTB19020,G5,Dec 2017,SNR,,,,,Not Reviewed,,,,,,,,,,,Vertebrate Animal,ray-finned fishes,,Animalia,Craniata,Actinopterygii,Carangiformes,Pleuronectidae,,,,,,,Native,Regularly occurring,,,N,N,
Atherinops affinis,,Topsmelt,,F-ATAF,AFCND04010,GNR,,SNR,,,,,Not Reviewed,,,,,,,,,,,Vertebrate Animal,ray-finned fishes,,Animalia,Craniata,Actinopterygii,Atheriniformes,Atherinopsidae,,,,,,,Native,Regularly occurring,,,N,N,
Atractoscion nobilis,,White Seabass,,F-ATNO,AFCQH10010,GNR,,SNR,,,,,Not Reviewed,,,,,,,,,,,Vertebrate Animal,ray-finned fishes,,Animalia,Craniata,Actinopterygii,Perciformes,Sciaenidae,,,,,,,Native,Regularly occurring,,,N,N,
Aulorhynchus flavidus,,Tube-snout,,F-AUFL,AFCPA05010,G5,Dec 2017,SNR,,,,,Not Reviewed,,,,,,,,,,,Vertebrate Animal,ray-finned fishes,,Animalia,Craniata,Actinopterygii,Perciformes,Aulorhynchidae,,,,,,,Native,Regularly occurring,,,N,N,
Avocettina infans,,Closespine Snipe Eel,,F-AVIN,AFCEJ02010,GNR,,SNR,,,,,Not Reviewed,,,,,,,,,,,Vertebrate Animal,ray-finned fishes,,Animalia,Craniata,Actinopterygii,Anguilliformes,Nemichthyidae,,,,,,,Native,Regularly occurring,,,N,N,
Balistes polylepis,,Finescale Triggerfish,,F-BAPO,AFC3B03020,GNR,,SNR,,,,,Not Reviewed,,,,,,,,,,,Vertebrate Animal,ray-finned fishes,,Animalia,Craniata,Actinopterygii,Tetraodontiformes,Balistidae,,,,,,,Native,Regularly occurring,,,N,N,
Barbourisia rufa,,Velvet Whalefish,,F-BARU,AFC9B02010,GNR,,SNR,,,,,Not Reviewed,,,,,,,,,,,Vertebrate Animal,ray-finned fishes,,Animalia,Craniata,Actinopterygii,Beryciformes,Barbourisiidae,,,,,,,Native,Regularly occurring,,,N,N,
Bathophilus flemingi,,Highfin Dragonfish,,F-BAFL,AFC7B05010,GNR,,SNR,,,,,Not Reviewed,,,,,,,,,,,Vertebrate Animal,ray-finned fishes,,Animalia,Craniata,Actinopterygii,Stomiiformes,Stomiidae,,,,,,,Native,Regularly occurring,,,N,N,
Bathyagonus alascanus,,Gray Starsnout,,F-BAAL,AFC4F06010,GNR,,SNR,,,,,Not Reviewed,,,,,,,,,,,Vertebrate Animal,ray-finned fishes,,Animalia,Craniata,Actinopterygii,Perciformes,Agonidae,,,,,,,Native,Regularly occurring,,,N,N,
Bathyagonus infraspinatus,,Spinycheek Starsnout,,F-BAIN,AFC4F06020,GNR,,SNR,,,,,Not Reviewed,,,,,,,,,,,Vertebrate Animal,ray-finned fishes,,Animalia,Craniata,Actinopterygii,Perciformes,Agonidae,,,,,,,Native,Regularly occurring,,,N,N,
Bathyagonus nigripinnis,,Blackfin Poacher,,F-BANI,AFC4F06030,GNR,,SNR,,,,,Not Reviewed,,,,,,,,,,,Vertebrate Animal,ray-finned fishes,,Animalia,Craniata,Actinopterygii,Perciformes,Agonidae,,,,,,,Native,Regularly occurring,,,N,N,
Bathyagonus pentacanthus,,Bigeye Poacher,,F-BAPE,AFC4F06040,GNR,,SNR,,,,,Not Reviewed,,,,,,,,,,,Vertebrate Animal,ray-finned fishes,,Animalia,Craniata,Actinopterygii,Perciformes,Agonidae,,,,,,,Native,Regularly occurring,,,N,N,
Bathylagus pacificus,,Slender Blacksmelt,,F-BAPA,AFCHF02020,GNR,,SNR,,,,,Not Reviewed,,,,,,,,,,,Vertebrate Animal,ray-finned fishes,,Animalia,Craniata,Actinopterygii,Argentiniformes,Microstomatidae,,,,,,,Native,Regularly occurring,,,N,N,
Bathylychnops exilis,,Javelin Spookfish,,F-BAEX,AFCHG02010,GNR,,SNR,,,,,Not Reviewed,,,,,,,,,,,Vertebrate Animal,ray-finned fishes,,Animalia,Craniata,Actinopterygii,Argentiniformes,Opisthoproctidae,,,,,,,Native,Regularly occurring,,,N,N,
Bathymaster caeruleofasciatus,,Alaskan Ronquil,,F-BACA,AFCRY01010,GNR,,SNR,,,,,Not Reviewed,,,,,,,,,,,Vertebrate Animal,ray-finned fishes,,Animalia,Craniata,Actinopterygii,Perciformes,Bathymasteridae,,,,,,,Native,Regularly occurring,,,N,N,
Bathymaster signatus,,Searcher,,F-BASI,AFCRY01020,GNR,,SNR,,,,,Not Reviewed,,,,,,,,,,,Vertebrate Animal,ray-finned fishes,,Animalia,Craniata,Actinopterygii,Perciformes,Bathymasteridae,,,,,,,Native,Regularly occurring,,,N,N,
Bathyraja abyssicola,,Abyssal Skate,,F-BAAB,AFDFD02080,GNR,,SNR,,,,,Not Reviewed,,,,,,,,,,,Vertebrate Animal,cartilaginous fishes,,Animalia,Craniata,Chondrichthyes,Rajiformes,Rajidae,,,,,,,Native,Regularly occurring,,,N,N,
Bathyraja aleutica,,Aleutian Skate,,F-BAAE,AFDFD02010,GNR,,SNR,,,,,Not Reviewed,,,,,,,,,,,Vertebrate Animal,cartilaginous fishes,,Animalia,Craniata,Chondrichthyes,Rajiformes,Rajidae,,,,,,,Native,Regularly occurring,,,N,N,
Bathyraja interrupta,,Sandpaper Skate,,F-BAKI,AFDFD02030,G5,,SNR,,,NAR (Apr 2007),,Not Reviewed,,,,,,,,,,,Vertebrate Animal,cartilaginous fishes,,Animalia,Craniata,Chondrichthyes,Rajiformes,Rajidae,,,,,,,Native,Regularly occurring,,,N,N,
Bathyraja minispinosa,,Whitebrow Skate,,F-BAMI,AFDFD02140,G5,Feb 2008,SNR,,,,,Not Reviewed,,,,,,,,,,,Vertebrate Animal,cartilaginous fishes,,Animalia,Craniata,Chondrichthyes,Rajiformes,Rajidae,,,,,,,Native,Regularly occurring,,,N,N,
Bathyraja parmifera,,Alaska Skate,,F-BAPR,AFDFD02040,GNR,,SNR,,,,,Not Reviewed,,,,,,,,,,,Vertebrate Animal,cartilaginous fishes,,Animalia,Craniata,Chondrichthyes,Rajiformes,Rajidae,,,,,,,Native,Regularly occurring,,,N,N,
Bathyraja trachura,,Roughtail Skate,,F-BATR,AFDFD02060,GNR,,SNR,,,,,Not Reviewed,,,,,,,,,,,Vertebrate Animal,cartilaginous fishes,,Animalia,Craniata,Chondrichthyes,Rajiformes,Rajidae,,,,,,,Native,Regularly occurring,,,N,N,
Benthalbella dentata,,Northern Pearleye,,F-BEDE,AFC8G01010,GNR,,SNR,,,,,Not Reviewed,,,,,,,,,,,Vertebrate Animal,ray-finned fishes,,Animalia,Craniata,Actinopterygii,Aulopiformes,Scopelarchidae,,,,,,,Native,Regularly occurring,,,N,N,
Benthalbella linguidens,,Longfin Pearleye,,F-BELI,AFC8G01020,GNR,,SNR,,,,,Not Reviewed,,,,,,,,,,,Vertebrate Animal,ray-finned fishes,,Animalia,Craniata,Actinopterygii,Aulopiformes,Scopelarchidae,,,,,,,Native,Regularly occurring,,,N,N,
Benthodesmus pacificus,,Frostfish,,F-BEPA,AFCS202020,GNR,,SNR,,,,,Not Reviewed,,,,,,,,,,,Vertebrate Animal,ray-finned fishes,,Animalia,Craniata,Actinopterygii,Scombriformes,Trichiuridae,,,,,,,Native,Regularly occurring,,,N,N,
Benthodesmus tenuis,,Javelinfish,,F-BETE,AFCS202040,GNR,,SNR,,,,,Not Reviewed,,,,,,,,,,,Vertebrate Animal,ray-finned fishes,,Animalia,Craniata,Actinopterygii,Scombriformes,Trichiuridae,,,,,,,Native,Regularly occurring,,,N,N,
Blepsias bilobus,,Crested Sculpin,,F-BLBI,AFC4E26010,GNR,,SNR,,,,,Not Reviewed,,,,,,,,,,,Vertebrate Animal,ray-finned fishes,,Animalia,Craniata,Actinopterygii,Perciformes,Agonidae,,,,,,,Native,Regularly occurring,,,N,N,
Blepsias cirrhosus,,Silverspotted Sculpin,,F-BLCI,AFC4E26020,GNR,,SNR,,,,,Not Reviewed,,,,,,,,,,,Vertebrate Animal,ray-finned fishes,,Animalia,Craniata,Actinopterygii,Perciformes,Agonidae,,,,,,,Native,Regularly occurring,,,N,N,
Bothragonus swanii,,Rockhead,,F-BOSW,AFC4F07010,GNR,,SNR,,,,,Not Reviewed,,,,,,,,,,,Vertebrate Animal,ray-finned fishes,,Animalia,Craniata,Actinopterygii,Perciformes,Agonidae,,,,,,,Native,Regularly occurring,,,N,N,
Bothrocara brunneum,,Twoline Eelpout,,F-BOBR,AFCS802020,G5,Dec 2017,SNR,,,,,Not Reviewed,,,,,,,,,,,Vertebrate Animal,ray-finned fishes,,Animalia,Craniata,Actinopterygii,Perciformes,Zoarcidae,,,,,,,Native,Regularly occurring,,,N,N,
Bothrocara molle,,Soft Eelpout,,F-BOMO,AFCS802030,GNR,,SNR,,,,,Not Reviewed,,,,,,,,,,,Vertebrate Animal,ray-finned fishes,,Animalia,Craniata,Actinopterygii,Perciformes,Zoarcidae,,,,,,,Native,Regularly occurring,,,N,N,
Bothrocara pusillum,,Alaska Eelpout,,F-BEPU,AFCMG02010,GNR,,SNR,,,,,Not Reviewed,,,,,,,,,,,Vertebrate Animal,ray-finned fishes,,Animalia,Craniata,Actinopterygii,Perciformes,Zoarcidae,,,,,,,Native,Regularly occurring,,,N,N,
Brachyistius frenatus,,Kelp Perch,,F-BRFR,AFCQK04010,G5,Dec 2017,SNR,,,,,Not Reviewed,,,,,,,,,,,Vertebrate Animal,ray-finned fishes,,Animalia,Craniata,Actinopterygii,Blenniiformes,Embiotocidae,,,,,,,Native,Regularly occurring,,,N,N,
Brama japonica,,Pacific Pomfret,,F-BRJA,AFCRH01040,GNR,,SNR,,,,,Not Reviewed,,,,,,,,,,,Vertebrate Animal,ray-finned fishes,,Animalia,Craniata,Actinopterygii,Scombriformes,Bramidae,,,,,,,Native,Regularly occurring,,,N,N,
Brosmophycis marginata,,Red Brotula,,F-BRMA,AFCME01010,GNR,,SNR,,,,,Not Reviewed,,,,,,,,,,,Vertebrate Animal,ray-finned fishes,,Animalia,Craniata,Actinopterygii,Ophidiiformes,Bythitidae,,,,,,,Native,Regularly occurring,,,N,N,
Bryozoichthys marjorius,,Pearly Prickleback,,F-BRMR,AFCSC06020,GNR,,SNR,,,,,Not Reviewed,,,,,,,,,,,Vertebrate Animal,ray-finned fishes,,Animalia,Craniata,Actinopterygii,Perciformes,Stichaeidae,,,,,,,Native,Regularly occurring,,,N,N,
Carassius auratus,,Goldfish,,F-CAAU,AFCJB04010,G5,Sep 1996,SNA,Jul 2025,Jan 2003,,,Exotic,,,,,,,,,7 - Exotic(2005),,Vertebrate Animal,ray-finned fishes,,Animalia,Craniata,Actinopterygii,Cypriniformes,Cyprinidae,,,,,,,Exotic,Regularly occurring,,,N,N,
Carcharodon carcharias,,White Shark,,F-CACA,AFDDE01010,G2,Jun 2014,SNR,,,DD (Apr 2006),,Not Reviewed,,,,,,,,,,,Vertebrate Animal,cartilaginous fishes,,Animalia,Craniata,Chondrichthyes,Lamniformes,Lamnidae,,,,,,,Native,Regularly occurring,,,N,N,
Careproctus cypselurus,,Falcate Snailfish,,F-CACY,AFC4G09150,GNR,,SNR,,,,,Not Reviewed,,,,,,,,,,,Vertebrate Animal,ray-finned fishes,,Animalia,Craniata,Actinopterygii,Perciformes,Liparidae,,,,,,,Native,Regularly occurring,,,N,N,
Careproctus gilberti,,Longfin Snailfish,,F-CAGI,AFC4G09070,GNR,,SNR,,,,,Not Reviewed,,,,,,,,,,,Vertebrate Animal,ray-finned fishes,,Animalia,Craniata,Actinopterygii,Perciformes,Liparidae,,,,,,,Native,Regularly occurring,,,N,N,
Careproctus melanurus,,Blacktail Snailfish,,F-CAME,AFC4G09020,GNR,,SNR,,,,,Not Reviewed,,,,,,,,,,,Vertebrate Animal,ray-finned fishes,,Animalia,Craniata,Actinopterygii,Perciformes,Liparidae,,,,,,,Native,Regularly occurring,,,N,N,
Careproctus oregonensis,,Smallfin Snailfish,,F-CAOR,AFC4G09120,GNR,,SNR,,,,,Not Reviewed,,,,,,,,,,,Vertebrate Animal,ray-finned fishes,,Animalia,Craniata,Actinopterygii,Perciformes,Liparidae,,,,,,,Native,Regularly occurring,,,N,N,
Careproctus ovigerum,,Abyssal Snailfish,,F-BAOV,AFC4G09130,GNR,,SNR,,,,,Not Reviewed,,,,,,,,,,,Vertebrate Animal,ray-finned fishes,,Animalia,Craniata,Actinopterygii,Perciformes,Liparidae,,,,,,,Native,Regularly occurring,,,N,N,
Caristius macropus,,Manefish,,F-CAMC,AFCQ101010,GNR,,SNR,,,,,Not Reviewed,,,,,,,,,,,Vertebrate Animal,ray-finned fishes,,Animalia,Craniata,Actinopterygii,Scombriformes,Caristiidae,,,,,,,Native,Regularly occurring,,,N,N,
Catostomus catostomus,,Longnose Sucker,,F-CACT,AFCJC02030,G5,Aug 2015,S5,Jul 2025,Jan 1992,,,Yellow,,,,,,,,,4 - Secure(2005),,Vertebrate Animal,ray-finned fishes,,Animalia,Craniata,Actinopterygii,Cypriniformes,Catostomidae,,,,,,,Native,Regularly occurring,,,N,N,
Catostomus columbianus,,Bridgelip Sucker,,F-CACO,AFCJC02050,G5,Feb 2016,S5,Jul 2025,Jan 2003,,,Yellow,,,,,,,,,4 - Secure(2005),,Vertebrate Animal,ray-finned fishes,,Animalia,Craniata,Actinopterygii,Cypriniformes,Catostomidae,,,,,,,Native,Regularly occurring,,,N,N,
Catostomus commersonii,,White Sucker,,F-CACM,AFCJC02060,G5,Aug 2015,S5,Jul 2025,Jan 1992,,,Yellow,,,,,,,,,4 - Secure(2005),,Vertebrate Animal,ray-finned fishes,,Animalia,Craniata,Actinopterygii,Cypriniformes,Catostomidae,,,,,,,Native,Regularly occurring,,,N,N,
Catostomus macrocheilus,,Largescale Sucker,,F-CAMA,AFCJC02280,G5,May 2016,S5,Jul 2025,Jan 1992,,,Yellow,,,,,,,,,4 - Secure(2005),,Vertebrate Animal,ray-finned fishes,,Animalia,Craniata,Actinopterygii,Cypriniformes,Catostomidae,,,,,,,Native,Regularly occurring,,,N,N,
Catostomus sp. 4,,Salish Sucker,,F-CASP-04,AFCJC02260,G1,Jun 2011,S2,May 2019,May 2019,E (May 2024),,Red,,,Central Pacific Ranges; Eastern Pacific Ranges; Fraser Lowland; Georgia Lowland; Hozameen Range; Juan de Fuca Strait; Johnstone Strait; Leeward Pacific Ranges; Nanaimo Lowland; Nicola Basin; Northwestern Cascade Ranges; Okanagan Range; Outer Fjordland; Pavilion Ranges; Southern Chilcotin Ranges; Southern Gulf Islands; Strait of Georgia; Southern Pacific Ranges,,,,1-T (Jan 2005),,1 - At Risk(2000),,Vertebrate Animal,ray-finned fishes,,Animalia,Craniata,Actinopterygii,Cypriniformes,Catostomidae,,1- Vancouver Island; 2- Lower Mainland; 3- Thompson; 8- Okanagan,Capital Regional District; Comox Valley Regional District; Cowichan Valley Regional District; Fraser Valley Regional District; Metro Vancouver Regional District; Regional District of Nanaimo; Regional District of Okanagan-Similkameen; Sunshine Coast Regional District; Squamish-Lillooet Regional District; Strathcona Regional District; Thompson-Nicola Regional District; qathet Regional District,Anmore; Belcarra; Bowen Island; Burnaby; Coquitlam; Delta; Langley - City; Maple Ridge; New Westminster; North Vancouver - City; Pitt Meadows; Port Coquitlam; Port Moody; Richmond; Surrey; Vancouver; West Vancouver; White Rock; Lions Bay; Langley - District; North Vancouver - District; Princeton; Squamish; Whistler; Pemberton; Central Saanich; Highlands; Langford; North Saanich; Oak Bay; Saanich; Sidney; Comox; Courtenay; Ladysmith; North Cowichan; Parksville; Lantzville; Nanaimo; Qualicum Beach; Powell River; Gibsons; Sechelt; Campbell River; Abbotsford; Chilliwack; Harrison Hot Springs; Hope; Kent; Mission,CWH,,Native,Regularly occurring,,,N,Y,
Caulolatilus princeps,,Ocean Whitefish,,F-CAPR,AFCRE01050,GNR,,SNR,,,,,Not Reviewed,,,,,,,,,,,Vertebrate Animal,ray-finned fishes,,Animalia,Craniata,Actinopterygii,Perciformes,Malacanthidae,,,,,,,Native,Regularly occurring,,,N,N,
Ceratias holboelli,,Deepsea Angler,,F-CEHO,AFCYE02010,G5,Dec 2017,SNR,,,,,Not Reviewed,,,,,,,,,,,Vertebrate Animal,ray-finned fishes,,Animalia,Craniata,Actinopterygii,Lophiiformes,Ceratiidae,,,,,,,Native,Regularly occurring,,,N,N,
Ceratoscopelus townsendi,,Dogtooth Lanternfish,,F-CETO,AFCVH01010,GNR,,SNR,,,,,Not Reviewed,,,,,,,,,,,Vertebrate Animal,ray-finned fishes,,Animalia,Craniata,Actinopterygii,Myctophiformes,Myctophidae,,,,,,,Native,Regularly occurring,,,N,N,
Cetorhinus maximus,,Basking Shark,,F-CEMA,AFDDD01010,G2G3,Jun 2014,SNR,,,E (May 2018),,Not Reviewed,,,,,,,1-E (Feb 2010),,,II,Vertebrate Animal,cartilaginous fishes,,Animalia,Craniata,Chondrichthyes,Lamniformes,Cetorhinidae,,,,,,,Native,Regularly occurring,,,N,N,
Chaenophryne melanorhabdus,,Smooth Dreamer,,F-CHME,AFCYH01010,GNR,,SNR,,,,,Not Reviewed,,,,,,,,,,,Vertebrate Animal,ray-finned fishes,,Animalia,Craniata,Actinopterygii,Lophiiformes,Oneirodidae,,,,,,,Native,Regularly occurring,,,N,N,
Chauliodus macouni,,Pacific Viperfish,,F-CHMA,AFC7B01010,G5,Dec 2017,SNR,,,,,Not Reviewed,,,,,,,,,,,Vertebrate Animal,ray-finned fishes,,Animalia,Craniata,Actinopterygii,Stomiiformes,Stomiidae,,,,,,,Native,Regularly occurring,,,N,N,
Chesnonia verrucosa,,Warty Poacher,,F-CHVE,AFC4F09030,GNR,,SNR,,,,,Not Reviewed,,,,,,,,,,,Vertebrate Animal,ray-finned fishes,,Animalia,Craniata,Actinopterygii,Perciformes,Agonidae,,,,,,,Native,Regularly occurring,,,N,N,
Chirolophis decoratus,,Decorated Warbonnet,,F-CHDE,AFCSC08020,GNR,,SNR,,,,,Not Reviewed,,,,,,,,,,,Vertebrate Animal,ray-finned fishes,,Animalia,Craniata,Actinopterygii,Perciformes,Stichaeidae,,,,,,,Native,Regularly occurring,,,N,N,
Chirolophis nugator,,Mosshead Warbonnet,,F-CHNU,AFCSC08030,GNR,,SNR,,,,,Not Reviewed,,,,,,,,,,,Vertebrate Animal,ray-finned fishes,,Animalia,Craniata,Actinopterygii,Perciformes,Stichaeidae,,,,,,,Native,Regularly occurring,,,N,N,
Chirolophis tarsodes,,Matcheek Warbonnet,,F-CHTA,AFCSC08040,GNR,,SNR,,,,,Not Reviewed,,,,,,,,,,,Vertebrate Animal,ray-finned fishes,,Animalia,Craniata,Actinopterygii,Perciformes,Stichaeidae,,,,,,,Native,Regularly occurring,,,N,N,
Chitonotus pugetensis,,Roughback Sculpin,,F-CHPU,AFC4E27010,GNR,,SNR,,,,,Not Reviewed,,,,,,,,,,,Vertebrate Animal,ray-finned fishes,,Animalia,Craniata,Actinopterygii,Perciformes,Psychrolutidae,,,,,,,Native,Regularly occurring,,,N,N,
Chrosomus eos,Phoxinus eos,Northern Redbelly Dace,,F-CHEO,AFCJB31020,G5,Aug 2015,S4,Aug 2025,May 2019,,,Yellow,,,,,,,,,4 - Secure(2005),,Vertebrate Animal,ray-finned fishes,,Animalia,Craniata,Actinopterygii,Cypriniformes,Leuciscidae,,,,,,,Native,Regularly occurring,,,N,N,
Chrosomus eos x Chrosomus neogaeus,Phoxinus eos x Phoxinus neogaeus,Northern Redbelly Dace X Finescale Dace,,F-CHEOxCHNE,AFCJB31X10,GNA,Oct 2002,S2,May 2019,May 2019,,,Red,,,Cassiar Ranges; Clear Hills; Eastern Muskwa Ranges; Eastern Skeena Mountains; Etsho Plateau; Fort Nelson Lowland; Front Ranges; Finlay River Trench; Hart Foothills; Halfway Plateau; Hyland Plateau; Kechika Mountains; Kiskatinaw Plateau; Kechika River Trench; Liard Plain; Maxhamish Upland; Misinchinka Ranges; Muskwa Foothills; Muskwa Upland; Northern Hart Ranges; Northern Omineca Mountains; Northern Park Ranges; Northern Skeena Mountains; Parsnip Trench; Peace Foothills; Peace Lowland; Petitot Plain; Rabbit Plateau; Southern Boreal Plateau; Sikanni Chief Upland; Southern Hart Ranges; Simpson Upland; Stikine Highland; Stikine Plateau; Trout Lake Plain; Tuya Range; Western Muskwa Ranges,,,,,,,,Vertebrate Animal,ray-finned fishes,,Animalia,Craniata,Actinopterygii,Cypriniformes,Leuciscidae,,6- Skeena; 7- Omineca; 9- Peace,Peace River Regional District; Regional District of Fraser-Fort George; Regional District of Kitimat-Stikine; Stikine Region (Unincorporated),NRRM; Tumbler Ridge; Chetwynd; Dawson Creek; Fort St John; Hudson's Hope; Pouce Coupe; Taylor,BWBS,,Native,Regularly occurring,,,N,Y,
Chrosomus neogaeus,Phoxinus neogaeus,Finescale Dace,,F-CHNE,AFCJB31040,G5,May 2016,S4S5,Jul 2025,May 2019,,,Yellow,,,,,,,,,4 - Secure(2005),,Vertebrate Animal,ray-finned fishes,,Animalia,Craniata,Actinopterygii,Cypriniformes,Leuciscidae,,,,,,,Native,Regularly occurring,,,N,N,
Citharichthys sordidus,,Pacific Sanddab,,F-CISO,AFCTA01080,G5,Dec 2017,SNR,,,,,Not Reviewed,,,,,,,,,,,Vertebrate Animal,ray-finned fishes,,Animalia,Craniata,Actinopterygii,Carangiformes,Cyclopsettidae,,,,,,,Native,Regularly occurring,,,N,N,
Citharichthys stigmaeus,,Speckled Sanddab,,F-CIST,AFCTA01090,G5,Dec 2017,SNR,,,,,Not Reviewed,,,,,,,,,,,Vertebrate Animal,ray-finned fishes,,Animalia,Craniata,Actinopterygii,Carangiformes,Cyclopsettidae,,,,,,,Native,Regularly occurring,,,N,N,
Clevelandia ios,,Arrow Goby,,F-CLIO,AFCQN03010,G5,Sep 1996,SNR,,,,,Not Reviewed,,,,,,,,,,,Vertebrate Animal,ray-finned fishes,,Animalia,Craniata,Actinopterygii,Gobiiformes,Gobiidae,,,,,,,Native,Regularly occurring,,,N,N,
Clidoderma asperrimum,,Roughscale Sole,,F-CLAS,AFCTB23010,GNR,,SNR,,,,,Not Reviewed,,,,,,,,,,,Vertebrate Animal,ray-finned fishes,,Animalia,Craniata,Actinopterygii,Carangiformes,Pleuronectidae,,,,,,,Native,Regularly occurring,,,N,N,
Clinocottus acuticeps,,Sharpnose Sculpin,,F-CLAC,AFC4E01010,G5,Jan 1997,SNR,,,,,Not Reviewed,,,,,,,,,,,Vertebrate Animal,ray-finned fishes,,Animalia,Craniata,Actinopterygii,Perciformes,Psychrolutidae,,,,,,,Native,Regularly occurring,,,N,N,
Clinocottus embryum,,Calico Sculpin,,F-CLEM,AFC4E01030,GNR,,SNR,,,,,Not Reviewed,,,,,,,,,,,Vertebrate Animal,ray-finned fishes,,Animalia,Craniata,Actinopterygii,Perciformes,Psychrolutidae,,,,,,,Native,Regularly occurring,,,N,N,
Clinocottus globiceps,,Mosshead Sculpin,,F-CLGL,AFC4E01040,GNR,,SNR,,,,,Not Reviewed,,,,,,,,,,,Vertebrate Animal,ray-finned fishes,,Animalia,Craniata,Actinopterygii,Perciformes,Psychrolutidae,,,,,,,Native,Regularly occurring,,,N,N,
Clupea pallasii,,Pacific Herring,,F-CLPA,AFCFA07030,G5,Dec 2017,SNR,,,,,Not Reviewed,,,,,,,,,,,Vertebrate Animal,ray-finned fishes,,Animalia,Craniata,Actinopterygii,Clupeiformes,Clupeidae,,,,,,,Native,Regularly occurring,,,N,N,
Cololabis saira,,Pacific Saury,,F-COSA,AFCNF01010,GNR,,SNR,,,,,Not Reviewed,,,,,,,,,,,Vertebrate Animal,ray-finned fishes,,Animalia,Craniata,Actinopterygii,Beloniformes,Scomberesocidae,,,,,,,Native,Regularly occurring,,,N,N,
Congriscus megastoma,Thalassenchelys coheni,Transparent Eel,,F-THCO,AFCEG0A010,GNR,,SNR,,,,,Not Reviewed,,,,,,,,,,,Vertebrate Animal,ray-finned fishes,,Animalia,Craniata,Actinopterygii,Anguilliformes,Congridae,,,,,,,Native,Regularly occurring,,,N,N,
Coregonus artedi,,Cisco,,F-COAR,AFCHA01020,G5,Oct 2025,S2,Mar 2019,May 2010,,,Red,,,Cassiar Ranges; Clear Hills; Eastern Muskwa Ranges; Eastern Skeena Mountains; Etsho Plateau; Fort Nelson Lowland; Finlay River Trench; Halfway Plateau; Hyland Plateau; Kechika Mountains; Kechika River Trench; Liard Plain; Maxhamish Upland; Misinchinka Ranges; Muskwa Foothills; Muskwa Upland; Northern Omineca Mountains; Northern Skeena Mountains; Peace Foothills; Peace Lowland; Petitot Plain; Rabbit Plateau; Southern Boreal Plateau; Sikanni Chief Upland; Simpson Upland; Stikine Highland; Stikine Plateau; Trout Lake Plain; Tuya Range; Western Muskwa Ranges,,,,,,4 - Secure(2005),,Vertebrate Animal,ray-finned fishes,,Animalia,Craniata,Actinopterygii,Salmoniformes,Salmonidae,,6- Skeena; 7- Omineca; 9- Peace,Peace River Regional District; Regional District of Kitimat-Stikine; Stikine Region (Unincorporated),NRRM,BWBS,,Native,Regularly occurring,,,N,Y,
Coregonus autumnalis,,Arctic Cisco,,F-COAU,AFCHA01030,G5,Nov 2011,S1S2,May 2019,May 2010,,,Red,,,Cassiar Ranges; Clear Hills; Eastern Muskwa Ranges; Eastern Skeena Mountains; Etsho Plateau; Fort Nelson Lowland; Finlay River Trench; Halfway Plateau; Hyland Plateau; Kechika Mountains; Kechika River Trench; Liard Plain; Maxhamish Upland; Misinchinka Ranges; Muskwa Foothills; Muskwa Upland; Northern Omineca Mountains; Northern Skeena Mountains; Peace Foothills; Peace Lowland; Petitot Plain; Rabbit Plateau; Southern Boreal Plateau; Sikanni Chief Upland; Simpson Upland; Stikine Highland; Stikine Plateau; Trout Lake Plain; Tuya Range; Western Muskwa Ranges,,,,,,3 - Sensitive(2005),,Vertebrate Animal,ray-finned fishes,,Animalia,Craniata,Actinopterygii,Salmoniformes,Salmonidae,,6- Skeena; 7- Omineca; 9- Peace,Peace River Regional District; Regional District of Kitimat-Stikine; Stikine Region (Unincorporated),NRRM,BWBS,,Native,Regularly occurring,,,N,Y,
Coregonus clupeaformis,,Lake Whitefish,,F-COCL,AFCHA01040,G5,Aug 2015,S5,Jul 2025,Jan 2003,,,Yellow,,,,,,,,,4 - Secure(2005),,Vertebrate Animal,ray-finned fishes,,Animalia,Craniata,Actinopterygii,Salmoniformes,Salmonidae,,,,,,,Native,Regularly occurring,,,N,N,
Coregonus nasus,,Broad Whitefish,,F-CONA,AFCHA01090,G5,Aug 2016,S2,May 2019,May 2019,,,Red,,,Alsek Ranges; Cassiar Ranges; Central Boundary Ranges; Eastern Muskwa Ranges; Eastern Skeena Mountains; Finlay River Trench; Hyland Plateau; Kechika Mountains; Kluane Ranges; Kechika River Trench; Liard Plain; Meziadin Mountains; Nass Basin; Northern Boundary Ranges; Northern Omineca Mountains; Northern Skeena Mountains; Rabbit Plateau; Southern Boreal Plateau; Southern Boundary Ranges; Simpson Upland; Southern Skeena Mountains; Stikine Highland; Stikine Plateau; Tatshenshini Basin; Tagish Highland; Teslin Basin; Teslin Plateau; Tahltan Highland; Tuya Range; Whitehorse Upland,,,,,,4 - Secure(2005),,Vertebrate Animal,ray-finned fishes,,Animalia,Craniata,Actinopterygii,Salmoniformes,Salmonidae,,6- Skeena; 7- Omineca; 9- Peace,Peace River Regional District; Regional District of Bulkley-Nechako; Regional District of Kitimat-Stikine; Stikine Region (Unincorporated),NRRM,BWBS,,Native,Regularly occurring,,,N,Y,
Coregonus sardinella,,Least Cisco,,F-COSR,AFCHA01130,G5,Dec 2017,S3,Mar 2019,May 2010,,,Blue,,,Alsek Ranges; Cassiar Ranges; Central Boundary Ranges; Clear Hills; Eastern Muskwa Ranges; Eastern Skeena Mountains; Etsho Plateau; Fort Nelson Lowland; Finlay River Trench; Halfway Plateau; Hyland Plateau; Kechika Mountains; Kluane Ranges; Kechika River Trench; Liard Plain; Maxhamish Upland; Meziadin Mountains; Misinchinka Ranges; Muskwa Foothills; Muskwa Upland; Nass Basin; Northern Boundary Ranges; Northern Omineca Mountains; Northern Skeena Mountains; Peace Foothills; Peace Lowland; Petitot Plain; Rabbit Plateau; Southern Boreal Plateau; Southern Boundary Ranges; Sikanni Chief Upland; Simpson Upland; Southern Skeena Mountains; Stikine Highland; Stikine Plateau; Tatshenshini Basin; Tagish Highland; Teslin Basin; Teslin Plateau; Tahltan Highland; Trout Lake Plain; Tuya Range; Whitehorse Upland; Western Muskwa Ranges,,,,,,4 - Secure(2005),,Vertebrate Animal,ray-finned fishes,,Animalia,Craniata,Actinopterygii,Salmoniformes,Salmonidae,,6- Skeena; 7- Omineca; 9- Peace,Peace River Regional District; Regional District of Bulkley-Nechako; Regional District of Kitimat-Stikine; Stikine Region (Unincorporated),NRRM,BWBS,,Native,Regularly occurring,,,N,Y,
Coryphaenoides acrolepis,,Roughscale Grenadier,,F-COAC,AFCMC06010,GNR,,SNR,,,,,Not Reviewed,,,,,,,,,,,Vertebrate Animal,ray-finned fishes,,Animalia,Craniata,Actinopterygii,Gadiformes,Macrouridae,,,,,,,Native,Regularly occurring,,,N,N,
Coryphaenoides armatus,,Russet Grenadier,,F-COAM,AFCMC06020,GNR,,SNR,,,,,Not Reviewed,,,,,,,,,,,Vertebrate Animal,ray-finned fishes,,Animalia,Craniata,Actinopterygii,Gadiformes,Macrouridae,,,,,,,Native,Regularly occurring,,,N,N,
Coryphaenoides cinereus,,Popeye,,F-COCI,AFCMC06030,GNR,,SNR,,,,,Not Reviewed,,,,,,,,,,,Vertebrate Animal,ray-finned fishes,,Animalia,Craniata,Actinopterygii,Gadiformes,Macrouridae,,,,,,,Native,Regularly occurring,,,N,N,
Coryphaenoides filifer,,Filamented Rattail,,F-COFI,AFCMC06040,GNR,,SNR,,,,,Not Reviewed,,,,,,,,,,,Vertebrate Animal,ray-finned fishes,,Animalia,Craniata,Actinopterygii,Gadiformes,Macrouridae,,,,,,,Native,Regularly occurring,,,N,N,
Coryphaenoides leptolepis,,Ghostly Grenadier,,F-COLE,AFCMC06050,GNR,,SNR,,,,,Not Reviewed,,,,,,,,,,,Vertebrate Animal,ray-finned fishes,,Animalia,Craniata,Actinopterygii,Gadiformes,Macrouridae,,,,,,,Native,Regularly occurring,,,N,N,
Coryphaenoides yaquinae,,Rough Abyssal Grendier,,F-COYA,AFCMC06080,GNR,,SNR,,,,,Not Reviewed,,,,,,,,,,,Vertebrate Animal,ray-finned fishes,,Animalia,Craniata,Actinopterygii,Gadiformes,Macrouridae,,,,,,,Native,Regularly occurring,,,N,N,
Cottus aleuticus,,Coastrange Sculpin,,F-COAL,AFC4E02010,G5,Sep 2015,S5,Jul 2025,May 2010,,,Yellow,,,,,,,,Cottus ssp. 2 (Cultus  Pygmy Sculpin),4 - Secure(2003),,Vertebrate Animal,ray-finned fishes,,Animalia,Craniata,Actinopterygii,Perciformes,Cottidae,,,,,,,Native,Regularly occurring,,,N,N,
Cottus aleuticus pop. 1,Cottus aleuticus; Cottus sp. 2,"Coastrange Sculpin, Cultus Population",Cultus Lake Sculpin; Cultus Pygmy Sculpin,F-COAL-01,AFC4E02270,G5T1T2Q,May 2010,S1S2,May 2019,May 2010,E (Nov 2019),,Red,,,Central Pacific Ranges; Eastern Pacific Ranges; Fraser Lowland; Georgia Lowland; Hozameen Range; Juan de Fuca Strait; Johnstone Strait; Leeward Pacific Ranges; Nanaimo Lowland; Nicola Basin; Northwestern Cascade Ranges; Okanagan Range; Outer Fjordland; Pavilion Ranges; Southern Chilcotin Ranges; Southern Gulf Islands; Strait of Georgia; Southern Pacific Ranges,,,,1-T (Jun 2003),,1 - At Risk(2000),,Vertebrate Animal,ray-finned fishes,,Animalia,Craniata,Actinopterygii,Perciformes,Cottidae,,1- Vancouver Island; 2- Lower Mainland; 3- Thompson; 8- Okanagan,Capital Regional District; Comox Valley Regional District; Cowichan Valley Regional District; Fraser Valley Regional District; Metro Vancouver Regional District; Regional District of Nanaimo; Regional District of Okanagan-Similkameen; Sunshine Coast Regional District; Squamish-Lillooet Regional District; Strathcona Regional District; Thompson-Nicola Regional District; qathet Regional District,Anmore; Belcarra; Bowen Island; Burnaby; Coquitlam; Delta; Langley - City; Maple Ridge; New Westminster; North Vancouver - City; Pitt Meadows; Port Coquitlam; Port Moody; Richmond; Surrey; Vancouver; West Vancouver; White Rock; Lions Bay; Langley - District; North Vancouver - District; Princeton; Squamish; Whistler; Pemberton; Central Saanich; Highlands; Langford; North Saanich; Oak Bay; Saanich; Sidney; Comox; Courtenay; Ladysmith; North Cowichan; Parksville; Lantzville; Nanaimo; Qualicum Beach; Powell River; Gibsons; Sechelt; Campbell River; Abbotsford; Chilliwack; Harrison Hot Springs; Hope; Kent; Mission,CWH,,Native,Regularly occurring,,,Y,Y,
Cottus asper,,Prickly Sculpin,,F-COAS,AFC4E02020,G5,Sep 2015,S5,Jul 2025,Jan 1992,,,Yellow,,,,,,,,,4 - Secure(2005),,Vertebrate Animal,ray-finned fishes,,Animalia,Craniata,Actinopterygii,Perciformes,Cottidae,,,,,,,Native,Regularly occurring,,,N,N,
Cottus cognatus,,Slimy Sculpin,,F-COCO,AFC4E02080,G5,Aug 2015,S5,May 2019,May 1992,,,Yellow,,,,,,,,,4 - Secure(2005),,Vertebrate Animal,ray-finned fishes,,Animalia,Craniata,Actinopterygii,Perciformes,Cottidae,,,,,,,Native,Regularly occurring,,,N,N,
Cottus confusus,,Shorthead Sculpin,,F-COCN,AFC4E02090,G5,Nov 2011,S3,May 2019,May 2019,SC (Nov 2010),,Blue,,,Big Bend Trench; Cariboo Mountains; Central Columbia Mountains; Central Park Ranges; East Kootenay Trench; Elk Valley; Eastern Purcell Mountains; McGillivray Range; Northern Kootenay Mountains; Northern Okanagan Basin; Northern Okanagan Highland; Northern Park Ranges; Northern Shuswap Highland; Southern Columbia Mountains; Selkirk Foothills; Shuswap Basin; Southern Okanogan Basin; Southern Okanogan Highland; Southern Park Ranges; Southern Purcell Mountains; Shuswap River Highland; Upper Columbia Valley; Upper Fraser Trench,,,,1-SC,,1 - At Risk(2005),,Vertebrate Animal,ray-finned fishes,,Animalia,Craniata,Actinopterygii,Perciformes,Cottidae,,3- Thompson; 4- Kootenay; 7- Omineca; 8- Okanagan,Columbia Shuswap Regional District; Regional District of Central Kootenay; Regional District of Central Okanagan; Regional District of East Kootenay; Regional District of Fraser-Fort George; Regional District of Kootenay Boundary; Regional District of North Okanagan; Regional District of Okanagan-Similkameen; Thompson-Nicola Regional District,Nelson; Slocan; Salmo; Silverton; Creston; Kaslo; New Denver; Nakusp; Castlegar; Golden; Revelstoke; Salmon Arm; Sicamous; Canal Flats; Invermere; ; Kimberley; Radium Hot Springs; Grand Forks; Greenwood; Midway; Montrose; Rossland; Trail; Warfield; Fruitvale; Coldstream; Spallumcheen; Lake Country,ICH; IDF,,Native,Regularly occurring,,,N,Y,
Cottus hubbsi,Cottus bairdi hubbsi,Columbia Sculpin,,F-COHU,AFC4E02053,G4Q,Nov 2011,S3,May 2019,May 2001,SC (Nov 2019),,Blue,,,Big Bend Trench; Cariboo Basin; Cariboo Mountains; Cariboo Plateau; Central Columbia Mountains; Central Chilcotin Ranges; Chilcotin Plateau; Central Pacific Ranges; East Kootenay Trench; Eastern Purcell Mountains; Eastern Pacific Ranges; Fraser River Basin; Guichon Upland; Hozameen Range; Leeward Pacific Ranges; McGillivray Range; Nicola Basin; Northern Kootenay Mountains; Northern Okanagan Basin; Northern Okanagan Highland; Northern Shuswap Highland; Northern Thompson Upland; Okanagan Range; Pavilion Ranges; Quesnel Highland; Southern Columbia Mountains; Southern Chilcotin Ranges; Selkirk Foothills; Shuswap Basin; Southern Okanogan Basin; Southern Okanogan Highland; Southern Purcell Mountains; Shuswap River Highland; Thompson Basin; Tranquille Upland; Western Chilcotin Ranges; Western Okanagan Upland,,,,1-SC (Jun 2003),,3 - Sensitive(2005),,Vertebrate Animal,ray-finned fishes,,Animalia,Craniata,Actinopterygii,Perciformes,Cottidae,,2- Lower Mainland; 3- Thompson; 4- Kootenay; 5- Cariboo; 7- Omineca; 8- Okanagan,Cariboo Regional District; Columbia Shuswap Regional District; Fraser Valley Regional District; Regional District of Central Kootenay; Regional District of Central Okanagan; Regional District of East Kootenay; Regional District of Fraser-Fort George; Regional District of Kootenay Boundary; Regional District of Mount Waddington; Regional District of North Okanagan; Regional District of Okanagan-Similkameen; Squamish-Lillooet Regional District; Strathcona Regional District; Thompson-Nicola Regional District,Keremeos; Osoyoos; Penticton; Princeton; Oliver; Summerland; Lillooet; Ashcroft; Chase; Kamloops; Logan Lake; Cache Creek; Clearwater; Lytton; Merritt; Nelson; Slocan; Salmo; Silverton; Creston; Kaslo; New Denver; Nakusp; Castlegar; Revelstoke; Salmon Arm; Sicamous; ; Kimberley; Grand Forks; Greenwood; Midway; Montrose; Rossland; Trail; Warfield; Fruitvale; Armstrong; Coldstream; Enderby; Lumby; Spallumcheen; Vernon; Kelowna; Lake Country; Peachland; West Kelowna,BG; ICH; IDF; PP,,Native,Regularly occurring,,,N,Y,
Cottus rhotheus,,Torrent Sculpin,,F-CORH,AFC4E02220,G5,Feb 2016,S4S5,Sep 2025,May 2019,,,Yellow,,,,,,,,,4 - Secure(2005),,Vertebrate Animal,ray-finned fishes,,Animalia,Craniata,Actinopterygii,Perciformes,Cottidae,,,,,,,Native,Regularly occurring,,,N,N,
Cottus ricei,,Spoonhead Sculpin,,F-CORI,AFC4E02230,G5,Aug 2015,S4,Aug 2025,Jan 2003,NAR (May 1989),,Yellow,,,,,,,,,4 - Secure(2005),,Vertebrate Animal,ray-finned fishes,,Animalia,Craniata,Actinopterygii,Perciformes,Cottidae,,,,,,,Native,Regularly occurring,,,N,N,
Cottus sp. 9,,Rocky Mountain Sculpin,,F-COSP-09,AFC4E02380,GNRT3T4Q,Oct 2021,S2,May 2019,May 2019,SC (Nov 2019),,Red,,,Big Bend Trench; Cariboo Mountains; Central Columbia Mountains; Crown of the Continent; Central Park Ranges; East Kootenay Trench; Elk Valley; Eastern Purcell Mountains; Flathead Valley; McGillivray Range; Northern Kootenay Mountains; Northern Shuswap Highland; Southern Columbia Mountains; Selkirk Foothills; Southern Park Ranges; Southern Purcell Mountains; Shuswap River Highland; Upper Columbia Valley,,,,1-SC (May 2017),,4 - Secure(2000),,Vertebrate Animal,ray-finned fishes,,Animalia,Craniata,Actinopterygii,Perciformes,Cottidae,,3- Thompson; 4- Kootenay; 7- Omineca; 8- Okanagan,Columbia Shuswap Regional District; Regional District of Central Kootenay; Regional District of East Kootenay; Regional District of Fraser-Fort George; Regional District of North Okanagan; Thompson-Nicola Regional District,Slocan; Silverton; Kaslo; New Denver; Nakusp; Golden; Revelstoke; Canal Flats; Cranbrook; Elkford; Fernie; Invermere; ; Kimberley; Radium Hot Springs; Sparwood,,,Native,Regularly occurring,,,N,Y,
Couesius plumbeus,,Lake Chub,,F-COPL,AFCJB06010,G5,Aug 2015,S5,Jul 2025,Jan 1992,DD,Northern British Columbia Hotsprings population only.,Yellow,,,,,,,,,4 - Secure(2005),,Vertebrate Animal,ray-finned fishes,,Animalia,Craniata,Actinopterygii,Cypriniformes,Leuciscidae,,,,,BG; BWBS; CDF; CWH; ESSF; ICH; IDF; MH; MS; PP; SBPS; SBS; SWB,,Native,Regularly occurring,,,N,N,
Couesius plumbeus pop. 2,Couesius plumbeus pop. 1,Lake Chub - Liard Hot Springs Populations,Lake Chub - Hotsprings Ecotype,F-COPL-02,AFCJB06012,G5TNRQ,,S1S2,Jul 2025,May 2019,T (Dec 2018),,Red,,,Cassiar Ranges; Clear Hills; Eastern Muskwa Ranges; Eastern Skeena Mountains; Etsho Plateau; Fort Nelson Lowland; Finlay River Trench; Halfway Plateau; Hyland Plateau; Kechika Mountains; Kechika River Trench; Liard Plain; Maxhamish Upland; Misinchinka Ranges; Muskwa Foothills; Muskwa Upland; Northern Omineca Mountains; Northern Skeena Mountains; Peace Foothills; Peace Lowland; Petitot Plain; Rabbit Plateau; Southern Boreal Plateau; Sikanni Chief Upland; Simpson Upland; Stikine Highland; Stikine Plateau; Trout Lake Plain; Tuya Range; Western Muskwa Ranges,,,,,,,,Vertebrate Animal,ray-finned fishes,,Animalia,Craniata,Actinopterygii,Cypriniformes,Leuciscidae,,6- Skeena; 7- Omineca; 9- Peace,Peace River Regional District; Regional District of Kitimat-Stikine; Stikine Region (Unincorporated),NRRM,BWBS,,Native,Regularly occurring,,,Y,Y,
Couesius plumbeus pop. 3,Couesius plumbeus pop. 1,Lake Chub - Atlin Warm Springs Populations,Lake Chub - Hotsprings Ecotype,F-COPL-03,AFCJB06013,G5TNRQ,,S1,Jul 2025,May 2019,T (Dec 2018),,Red,,,Alsek Ranges; Cassiar Ranges; Central Boundary Ranges; Eastern Muskwa Ranges; Eastern Skeena Mountains; Finlay River Trench; Hyland Plateau; Kechika Mountains; Kluane Ranges; Kechika River Trench; Liard Plain; Manson Plateau; Meziadin Mountains; Nass Basin; Northern Boundary Ranges; Northern Omineca Mountains; Northern Skeena Mountains; Rabbit Plateau; Southern Boreal Plateau; Southern Boundary Ranges; Simpson Upland; Southern Omineca Mountains; Southern Skeena Mountains; Stikine Highland; Stikine Plateau; Tatshenshini Basin; Tagish Highland; Teslin Basin; Teslin Plateau; Tahltan Highland; Tuya Range; Whitehorse Upland,,,,,,,,Vertebrate Animal,ray-finned fishes,,Animalia,Craniata,Actinopterygii,Cypriniformes,Leuciscidae,,6- Skeena; 7- Omineca; 9- Peace,Peace River Regional District; Regional District of Bulkley-Nechako; Regional District of Kitimat-Stikine; Stikine Region (Unincorporated),NRRM,BWBS; SWB,,Native,Regularly occurring,,,Y,Y,
Cryptacanthodes aleutensis,,Dwarf Wrymouth,,F-CRAL,AFCSF01020,GNR,,SNR,,,,,Not Reviewed,,,,,,,,,,,Vertebrate Animal,ray-finned fishes,,Animalia,Craniata,Actinopterygii,Perciformes,Cryptacanthodidae,,,,,,,Native,Regularly occurring,,,N,N,
Cryptacanthodes giganteus,,Giant Wrymouth,,F-CRGI,AFCSF01030,GNR,,SNR,,,,,Not Reviewed,,,,,,,,,,,Vertebrate Animal,ray-finned fishes,,Animalia,Craniata,Actinopterygii,Perciformes,Cryptacanthodidae,,,,,,,Native,Regularly occurring,,,N,N,
Culaea inconstans,,Brook Stickleback,,F-CUIN,AFCPA02010,G5,Aug 2015,S5,Jul 2025,Nov 2000,,,Yellow,,,,,,,,,4 - Secure(2005),,Vertebrate Animal,ray-finned fishes,,Animalia,Craniata,Actinopterygii,Perciformes,Gasterosteidae,,,,,,,Native,Regularly occurring,,,N,N,
Cyclothone atraria,,Yellow Bristlemouth,,F-CYAT,AFC7A01020,GNR,,SNR,,,,,Not Reviewed,,,,,,,,,,,Vertebrate Animal,ray-finned fishes,,Animalia,Craniata,Actinopterygii,Stomiiformes,Gonostomatidae,,,,,,,Native,Regularly occurring,,,N,N,
Cyclothone pallida,,Tan Bristlemouth,,F-CYPA,AFC7A01030,GNR,,SNR,,,,,Not Reviewed,,,,,,,,,,,Vertebrate Animal,ray-finned fishes,,Animalia,Craniata,Actinopterygii,Stomiiformes,Gonostomatidae,,,,,,,Native,Regularly occurring,,,N,N,
Cyclothone pseudopallida,,Slender Bristlemouth,,F-CYPS,AFC7A01040,GNR,,SNR,,,,,Not Reviewed,,,,,,,,,,,Vertebrate Animal,ray-finned fishes,,Animalia,Craniata,Actinopterygii,Stomiiformes,Gonostomatidae,,,,,,,Native,Regularly occurring,,,N,N,
Cyclothone signata,,Showy Bristlemouth,,F-CYSI,AFC7A01050,GNR,,SNR,,,,,Not Reviewed,,,,,,,,,,,Vertebrate Animal,ray-finned fishes,,Animalia,Craniata,Actinopterygii,Stomiiformes,Gonostomatidae,,,,,,,Native,Regularly occurring,,,N,N,
Cymatogaster aggregata,,Shiner Perch,,F-CYAG,AFCQK01010,G5,Dec 2017,SNR,,,,,Not Reviewed,,,,,,,,,,,Vertebrate Animal,ray-finned fishes,,Animalia,Craniata,Actinopterygii,Blenniiformes,Embiotocidae,,,,,,,Native,Regularly occurring,,,N,N,
Cyprinus carpio,,Common Carp,,F-CYCA,AFCJB08010,G5,Sep 1996,SNA,Jul 2025,Jan 2003,,,Exotic,,,,,,,,,7 - Exotic(2005),,Vertebrate Animal,ray-finned fishes,,Animalia,Craniata,Actinopterygii,Cypriniformes,Cyprinidae,,,,,,,Exotic,Regularly occurring,,,N,N,
Danaphos oculatus,,Bottlelight,,F-DAOC,AFC7D03010,GNR,,SNR,,,,,Not Reviewed,,,,,,,,,,,Vertebrate Animal,ray-finned fishes,,Animalia,Craniata,Actinopterygii,Stomiiformes,Sternoptychidae,,,,,,,Native,Regularly occurring,,,N,N,
Dasycottus setiger,,Spinyhead Sculpin,,F-DASE,AFC4E28010,GNR,,SNR,,,,,Not Reviewed,,,,,,,,,,,Vertebrate Animal,ray-finned fishes,,Animalia,Craniata,Actinopterygii,Perciformes,Psychrolutidae,,,,,,,Native,Regularly occurring,,,N,N,
Derepodichthys alepidotus,,Cuskpout,,F-DEAL,AFCS812010,GNR,,SNR,,,,,Not Reviewed,,,,,,,,,,,Vertebrate Animal,ray-finned fishes,,Animalia,Craniata,Actinopterygii,Perciformes,Zoarcidae,,,,,,,Native,Regularly occurring,,,N,N,
Diaphus theta,,California Headlightfish,,F-DITH,AFCVH02010,G5,Dec 2017,SNR,,,,,Not Reviewed,,,,,,,,,,,Vertebrate Animal,ray-finned fishes,,Animalia,Craniata,Actinopterygii,Myctophiformes,Myctophidae,,,,,,,Native,Regularly occurring,,,N,N,
Elassodiscus caudatus,,Humpback Snailfish,,F-ELCA,AFC4G10070,GNR,,SNR,,,,,Not Reviewed,,,,,,,,,,,Vertebrate Animal,ray-finned fishes,,Animalia,Craniata,Actinopterygii,Perciformes,Liparidae,,,,,,,Native,Regularly occurring,,,N,N,
Embassichthys bathybius,,Deepsea Sole,,F-EMBA,AFCTB03010,GNR,,SNR,,,,,Not Reviewed,,,,,,,,,,,Vertebrate Animal,ray-finned fishes,,Animalia,Craniata,Actinopterygii,Carangiformes,Pleuronectidae,,,,,,,Native,Regularly occurring,,,N,N,
Embiotoca lateralis,,Striped Seaperch,,F-EMLA,AFCQK05020,G5,Dec 2017,SNR,,,,,Not Reviewed,,,,,,,,,,,Vertebrate Animal,ray-finned fishes,,Animalia,Craniata,Actinopterygii,Blenniiformes,Embiotocidae,,,,,,,Native,Regularly occurring,,,N,N,
Engraulis mordax,,Northern Anchovy,,F-ENMO,AFCFB04020,GNR,,SNR,,,,,Not Reviewed,,,,,,,,,,,Vertebrate Animal,ray-finned fishes,,Animalia,Craniata,Actinopterygii,Clupeiformes,Engraulidae,,,,,,,Native,Regularly occurring,,,N,N,
Enophrys bison,,Buffalo Sculpin,,F-ENBI,AFC4E29010,GNR,,SNR,,,,,Not Reviewed,,,,,,,,,,,Vertebrate Animal,ray-finned fishes,,Animalia,Craniata,Actinopterygii,Perciformes,Psychrolutidae,,,,,,,Native,Regularly occurring,,,N,N,
Enophrys lucasi,,Leister Sculpin,,F-ENLU,AFC4E29030,GNR,,SNR,,,,,Not Reviewed,,,,,,,,,,,Vertebrate Animal,ray-finned fishes,,Animalia,Craniata,Actinopterygii,Perciformes,Psychrolutidae,,,,,,,Native,Regularly occurring,,,N,N,
Entosphenus macrostoma,Lampetra macrostoma,Cowichan Lake Lamprey,Lake Lamprey; Vancouver Island Lake Lamprey; Vancouver Lamprey,F-ENMA,AFBAA02120,G2,Jan 2026,S2,May 2019,May 2019,T (Dec 2017),,Red,,,Bulkley Basin; Bulkley Ranges; Central Chilcotin Ranges; Chilcotin Plateau; Continental Slope; Central Pacific Ranges; Dixon Entrance; Eastern Pacific Ranges; Fraser River Basin; Fraser Lowland; Georgia Lowland; Hecate Lowland; Hecate Strait; Juan de Fuca Strait; Johnstone Strait; Kimsquit Mountains; Kitimat Ranges; Leeward Island Mountains; Meziadin Mountains; Nanaimo Lowland; Nass Mountains; Nazko Upland; North Coast Fjords; Nechako Upland; Northern Island Mountains; Northern Pacific Ranges; Nahwitti Lowland; Outer Fjordland; Pavilion Ranges; Queen Charlotte Ranges; Queen Charlotte Sound; Queen Charlotte Strait; Southern Boundary Ranges; Southern Chilcotin Ranges; Southern Gulf Islands; Strait of Georgia; Southern Pacific Ranges; Vancouver Island Shelf; Western Chilcotin Ranges; Western Chilcotin Upland; Windward Island Mountains,,,,1-T (Jun 2003),,1 - At Risk(2005),,Vertebrate Animal,Lampreys,,Animalia,Craniata,Petromyzontida,Petromyzontiformes,Petromyzontidae,,1- Vancouver Island; 2- Lower Mainland; 3- Thompson; 5- Cariboo; 6- Skeena,Capital Regional District; Central Coast Regional District; Comox Valley Regional District; Cariboo Regional District; Cowichan Valley Regional District; Metro Vancouver Regional District; North Coast Regional District; Regional District of Alberni-Clayoquot; Regional District of Bulkley-Nechako; Regional District of Kitimat-Stikine; Regional District of Mount Waddington; Regional District of Nanaimo; Sunshine Coast Regional District; Squamish-Lillooet Regional District; Strathcona Regional District; Thompson-Nicola Regional District; qathet Regional District,Anmore; Belcarra; Bowen Island; Burnaby; Delta; North Vancouver - City; Port Moody; Richmond; Surrey; Vancouver; West Vancouver; White Rock; Lions Bay; North Vancouver - District; Squamish; Port Alberni; Tofino; Ucluelet; Central Saanich; Colwood; Esquimalt; Highlands; Langford; Metchosin; North Saanich; Oak Bay; Saanich; Sidney; Sooke; Victoria; View Royal; Cumberland; Comox; Courtenay; Duncan; Ladysmith; Lake Cowichan; North Cowichan; Alert Bay; Port Alice; Port Hardy; Port McNeill; Parksville; Lantzville; Nanaimo; Qualicum Beach; Powell River; Gibsons; Sechelt; Campbell River; Gold River; Sayward; Tahsis; Zeballos; Kitimat; Stewart; Port Edward; Prince Rupert,CWH,,Native,Regularly occurring,,,Y,Y,
Entosphenus tridentatus,Lampetra tridentata,Pacific Lamprey,,F-ENTR,AFBAA02100,G4,Feb 2012,S5,Jul 2025,May 2010,,,Yellow,,,,,,,,,4 - Secure(2005),,Vertebrate Animal,Lampreys,,Animalia,Craniata,Petromyzontida,Petromyzontiformes,Petromyzontidae,,,,,,,Native,Regularly occurring,,,N,N,
Eopsetta jordani,,Petrale Sole,,F-EOJO,AFCTB04010,G5,Dec 2017,SNR,,,,,Not Reviewed,,,,,,,,,,,Vertebrate Animal,ray-finned fishes,,Animalia,Craniata,Actinopterygii,Carangiformes,Pleuronectidae,,,,,,,Native,Regularly occurring,,,N,N,
Eptatretus deani,,Black Hagfish,,F-EPDE,AFABA01010,GNR,,SNR,,,,,Not Reviewed,,,,,,,,,,,Vertebrate Animal,hagfishes,,Animalia,Craniata,Myxini,Myxiniformes,Myxinidae,,,,,,,Native,Regularly occurring,,,N,N,
Eptatretus stoutii,,Pacific Hagfish,,F-EPST,AFABA01020,G5,Dec 2017,SNR,,,,,Not Reviewed,,,,,,,,,,,Vertebrate Animal,hagfishes,,Animalia,Craniata,Myxini,Myxiniformes,Myxinidae,,,,,,,Native,Regularly occurring,,,N,N,
Erilepis zonifer,,Skilfish,,F-ERZO,AFC4C02010,GNR,,SNR,,,,,Not Reviewed,,,,,,,,,,,Vertebrate Animal,ray-finned fishes,,Animalia,Craniata,Actinopterygii,Perciformes,Anoplopomatidae,,,,,,,Native,Regularly occurring,,,N,N,
Esox lucius,,Northern Pike,,F-ESLU,AFCHD01020,G5,Aug 2015,S5,Jul 2025,,,,Yellow,,,,,,,,,4 - Secure(2005),,Vertebrate Animal,ray-finned fishes,,Animalia,Craniata,Actinopterygii,Esociformes,Esocidae,,,,,,,Native,Regularly occurring,,,N,N,
Eumicrotremus orbis,,Pacific Spiny Lumpsucker,,F-EUOR,AFC4G13030,GNR,,SNR,,,,,Not Reviewed,,,,,,,,,,,Vertebrate Animal,ray-finned fishes,,Animalia,Craniata,Actinopterygii,Perciformes,Cyclopteridae,,,,,,,Native,Regularly occurring,,,N,N,
Gadus macrocephalus,,Pacific Cod,,F-GAMA,AFCMA08010,G5,Dec 2017,SNR,,,,,Not Reviewed,,,,,,,,,,,Vertebrate Animal,ray-finned fishes,,Animalia,Craniata,Actinopterygii,Gadiformes,Gadidae,,,,,,,Native,Regularly occurring,,,N,N,
Galeorhinus galeus,,Soupfin Shark,Tope,F-GAGA,AFDDG02030,GNR,,SNR,,,SC (May 2021),,Not Reviewed,,,,,,,1-SC (Mar 2009),,,,Vertebrate Animal,cartilaginous fishes,,Animalia,Craniata,Chondrichthyes,Carcharhiniformes,Triakidae,,,,,,Ocean / Pelagic / Obligate,Native,Regularly occurring,,,N,N,
Gasterosteus aculeatus,,Threespine Stickleback,,F-GAAC,AFCPA03010,G5,Dec 2017,S5,Jul 2025,Jan 1992,,,Yellow,,,,,,,,,4 - Secure(2005),,Vertebrate Animal,ray-finned fishes,,Animalia,Craniata,Actinopterygii,Perciformes,Gasterosteidae,,,,,,,Native,Regularly occurring,,,N,N,
Gasterosteus aculeatus pop. 1,Gasterosteus aculeatus ssp.,Charlotte Unarmoured Threespine Stickleback,Charlotte Unarmoured Stickleback,F-GAAC-01,AFCPA03014,G5T1T2Q,Jul 2019,S1S2,Mar 2018,Mar 2018,E (Dec 2023),,Red,,,Continental Slope; Dixon Entrance; Hecate Lowland; Hecate Strait; North Coast Fjords; Nahwitti Lowland; Queen Charlotte Lowland; Queen Charlotte Ranges; Queen Charlotte Sound; Queen Charlotte Strait; Sub-Arctic Pacific; Southern Boundary Ranges; Skidegate Plateau; Transitional Pacific; Vancouver Island Shelf,,,,1-SC (Aug 2019),,,,Vertebrate Animal,ray-finned fishes,,Animalia,Craniata,Actinopterygii,Perciformes,Gasterosteidae,,1- Vancouver Island; 5- Cariboo; 6- Skeena,Central Coast Regional District; North Coast Regional District; Regional District of Kitimat-Stikine; Regional District of Mount Waddington,Daajing Giids; Masset; Port Clements,CWH,,Native,Regularly occurring,,,Y,Y,
Gasterosteus aculeatus pop. 2,,Little Quarry Lake Benthic Threespine Stickleback,,F-GAAC-02,AFCPA03016,G5TNRQ,,S1,May 2019,May 2019,T (Dec 2023),,Red,,,Central Pacific Ranges; Eastern Pacific Ranges; Fraser Lowland; Georgia Lowland; Hecate Lowland; Juan de Fuca Strait; Johnstone Strait; Leeward Island Mountains; Nanaimo Lowland; Northern Island Mountains; Nahwitti Lowland; Outer Fjordland; Queen Charlotte Strait; Southern Gulf Islands; Strait of Georgia; Southern Pacific Ranges,,,,,,,,Vertebrate Animal,ray-finned fishes,,Animalia,Craniata,Actinopterygii,Perciformes,Gasterosteidae,,1- Vancouver Island; 2- Lower Mainland,Capital Regional District; Comox Valley Regional District; Cowichan Valley Regional District; Fraser Valley Regional District; Metro Vancouver Regional District; Regional District of Mount Waddington; Regional District of Nanaimo; Sunshine Coast Regional District; Squamish-Lillooet Regional District; Strathcona Regional District; qathet Regional District,Anmore; Belcarra; Bowen Island; Burnaby; Coquitlam; Delta; Maple Ridge; North Vancouver - City; Pitt Meadows; Port Moody; Richmond; Surrey; Vancouver; West Vancouver; White Rock; Lions Bay; North Vancouver - District; Squamish; Central Saanich; Highlands; Langford; North Saanich; Oak Bay; Saanich; Sidney; Comox; Courtenay; Ladysmith; North Cowichan; Parksville; Lantzville; Nanaimo; Qualicum Beach; Powell River; Gibsons; Sechelt; Campbell River; Sayward; Harrison Hot Springs; Kent; Mission,CWHxm,,Native,Regularly occurring,,,Y,Y,
Gasterosteus aculeatus pop. 3,,Little Quarry Limnetic Threespine Stickleback,,F-GAAC-03,AFCPA03017,G5TNRQ,,S1,May 2019,May 2019,T (Dec 2023),,Red,,,Central Pacific Ranges; Eastern Pacific Ranges; Fraser Lowland; Georgia Lowland; Hecate Lowland; Juan de Fuca Strait; Johnstone Strait; Leeward Island Mountains; Nanaimo Lowland; Northern Island Mountains; Nahwitti Lowland; Outer Fjordland; Queen Charlotte Strait; Southern Gulf Islands; Strait of Georgia; Southern Pacific Ranges,,,,,,,,Vertebrate Animal,ray-finned fishes,,Animalia,Craniata,Actinopterygii,Perciformes,Gasterosteidae,,1- Vancouver Island; 2- Lower Mainland,Capital Regional District; Comox Valley Regional District; Cowichan Valley Regional District; Fraser Valley Regional District; Metro Vancouver Regional District; Regional District of Mount Waddington; Regional District of Nanaimo; Sunshine Coast Regional District; Squamish-Lillooet Regional District; Strathcona Regional District; qathet Regional District,Anmore; Belcarra; Bowen Island; Burnaby; Coquitlam; Delta; Maple Ridge; North Vancouver - City; Pitt Meadows; Port Moody; Richmond; Surrey; Vancouver; West Vancouver; White Rock; Lions Bay; North Vancouver - District; Squamish; Central Saanich; Highlands; Langford; North Saanich; Oak Bay; Saanich; Sidney; Comox; Courtenay; Ladysmith; North Cowichan; Parksville; Lantzville; Nanaimo; Qualicum Beach; Powell River; Gibsons; Sechelt; Campbell River; Sayward; Harrison Hot Springs; Kent; Mission,CWHxm,,Native,Regularly occurring,,,Y,Y,
Gasterosteus sp. 1,,Giant Threespine Stickleback,Giant Black Stickleback,F-GASP-01,AFCPA03X10,G1G2,Jul 2019,S1S2,Mar 2018,Mar 2018,SC (Dec 2023),,Red,,,Continental Slope; Dixon Entrance; Hecate Lowland; Hecate Strait; North Coast Fjords; Nahwitti Lowland; Queen Charlotte Lowland; Queen Charlotte Ranges; Queen Charlotte Sound; Queen Charlotte Strait; Sub-Arctic Pacific; Southern Boundary Ranges; Skidegate Plateau; Transitional Pacific; Vancouver Island Shelf,,,,1-SC (Aug 2019),,3 - Sensitive(2000),,Vertebrate Animal,ray-finned fishes,,Animalia,Craniata,Actinopterygii,Perciformes,Gasterosteidae,,1- Vancouver Island; 5- Cariboo; 6- Skeena,Central Coast Regional District; North Coast Regional District; Regional District of Kitimat-Stikine; Regional District of Mount Waddington,Daajing Giids; Masset; Port Clements,CWH,,Native,Regularly occurring,,,Y,Y,
Gasterosteus sp. 12,,Hadley Lake Limnetic Stickleback,,F-GASP-12,AFCPA03140,GX,Nov 2018,SX,Aug 2025,Nov 1994,X (May 2000),,Extinct,,,,,,,,,,,Vertebrate Animal,ray-finned fishes,,Animalia,Craniata,Actinopterygii,Perciformes,Gasterosteidae,,,,,CDF,,Native,Regularly occurring,,,Y,Y,
Gasterosteus sp. 13,,Hadley Lake Benthic Stickleback,,F-GASP-13,AFCPA03150,GX,Nov 2018,SX,Aug 2025,Nov 1994,X (May 2000),,Extinct,,,,,,,,,,,Vertebrate Animal,ray-finned fishes,,Animalia,Craniata,Actinopterygii,Perciformes,Gasterosteidae,,,,,CDF,,Native,Regularly occurring,,,Y,Y,
Gasterosteus sp. 16,,Vananda Creek Limnetic Stickleback,,F-GASP-16,AFCPA03180,G1,Nov 2018,S1,Mar 2018,Mar 2000,E (Dec 2023),,Red,Y (May 2004),,Fraser Lowland; Georgia Lowland; Juan de Fuca Strait; Johnstone Strait; Nanaimo Lowland; Outer Fjordland; Southern Gulf Islands; Strait of Georgia; Southern Pacific Ranges,,,,1-E (Jun 2003),,,,Vertebrate Animal,ray-finned fishes,,Animalia,Craniata,Actinopterygii,Perciformes,Gasterosteidae,,1- Vancouver Island; 2- Lower Mainland,Capital Regional District; Comox Valley Regional District; Cowichan Valley Regional District; Metro Vancouver Regional District; Regional District of Nanaimo; Sunshine Coast Regional District; Squamish-Lillooet Regional District; Strathcona Regional District; qathet Regional District,Anmore; Belcarra; Bowen Island; Burnaby; Delta; North Vancouver - City; Port Moody; Richmond; Surrey; Vancouver; West Vancouver; White Rock; Lions Bay; North Vancouver - District; Squamish; Central Saanich; Highlands; Langford; North Saanich; Oak Bay; Saanich; Sidney; Comox; Courtenay; Ladysmith; North Cowichan; Parksville; Lantzville; Nanaimo; Qualicum Beach; Powell River; Gibsons; Sechelt; Campbell River,CDF,Lakes / Lake / Obligate,Native,Regularly occurring,,,Y,Y,
Gasterosteus sp. 17,,Vananda Creek Benthic Stickleback,,F-GASP-17,AFCPA03190,G1,Nov 2018,S1,Mar 2018,Mar 2000,E (Dec 2023),,Red,Y (May 2004),,Fraser Lowland; Georgia Lowland; Juan de Fuca Strait; Johnstone Strait; Nanaimo Lowland; Outer Fjordland; Southern Gulf Islands; Strait of Georgia; Southern Pacific Ranges,,,,1-E (Jun 2003),,,,Vertebrate Animal,ray-finned fishes,,Animalia,Craniata,Actinopterygii,Perciformes,Gasterosteidae,,1- Vancouver Island; 2- Lower Mainland,Capital Regional District; Comox Valley Regional District; Cowichan Valley Regional District; Metro Vancouver Regional District; Regional District of Nanaimo; Sunshine Coast Regional District; Squamish-Lillooet Regional District; Strathcona Regional District; qathet Regional District,Anmore; Belcarra; Bowen Island; Burnaby; Delta; North Vancouver - City; Port Moody; Richmond; Surrey; Vancouver; West Vancouver; White Rock; Lions Bay; North Vancouver - District; Squamish; Central Saanich; Highlands; Langford; North Saanich; Oak Bay; Saanich; Sidney; Comox; Courtenay; Ladysmith; North Cowichan; Parksville; Lantzville; Nanaimo; Qualicum Beach; Powell River; Gibsons; Sechelt; Campbell River,CDF,Lakes / Lake / Obligate,Native,Regularly occurring,,,Y,Y,
Gasterosteus sp. 18,,"Misty Lake ""Lake"" Stickleback",,F-GASP-18,AFCPA03200,G1,Nov 2018,S1,Mar 2018,Mar 2004,E (Dec 2023),,Red,,,Bulkley Basin; Bulkley Ranges; Central Chilcotin Ranges; Chilcotin Plateau; Continental Slope; Central Pacific Ranges; Dixon Entrance; Eastern Pacific Ranges; Fraser River Basin; Georgia Lowland; Hecate Lowland; Hecate Strait; Juan de Fuca Strait; Johnstone Strait; Kimsquit Mountains; Kitimat Ranges; Leeward Island Mountains; Meziadin Mountains; Nanaimo Lowland; Nass Mountains; Nazko Upland; North Coast Fjords; Nechako Upland; Northern Island Mountains; Northern Pacific Ranges; Nahwitti Lowland; Outer Fjordland; Pavilion Ranges; Queen Charlotte Ranges; Queen Charlotte Sound; Queen Charlotte Strait; Southern Boundary Ranges; Southern Chilcotin Ranges; Strait of Georgia; Southern Pacific Ranges; Vancouver Island Shelf; Western Chilcotin Ranges; Western Chilcotin Upland; Windward Island Mountains,,,,1-E (Feb 2010),,,,Vertebrate Animal,ray-finned fishes,,Animalia,Craniata,Actinopterygii,Perciformes,Gasterosteidae,,1- Vancouver Island; 2- Lower Mainland; 3- Thompson; 5- Cariboo; 6- Skeena,Capital Regional District; Central Coast Regional District; Cariboo Regional District; Cowichan Valley Regional District; North Coast Regional District; Regional District of Alberni-Clayoquot; Regional District of Bulkley-Nechako; Regional District of Kitimat-Stikine; Regional District of Mount Waddington; Regional District of Nanaimo; Sunshine Coast Regional District; Squamish-Lillooet Regional District; Strathcona Regional District; Thompson-Nicola Regional District; qathet Regional District,Port Alberni; Tofino; Ucluelet; Alert Bay; Port Alice; Port Hardy; Port McNeill; Campbell River; Gold River; Sayward; Tahsis; Zeballos; Kitimat; Stewart; Port Edward; Prince Rupert,CWH,,Native,Regularly occurring,,,Y,Y,
Gasterosteus sp. 19,,"Misty Lake ""Stream"" Stickleback",,F-GASP-19,AFCPA03210,G1,Nov 2018,S1,Mar 2018,Mar 2004,E (Dec 2023),,Red,,,Bulkley Basin; Bulkley Ranges; Central Chilcotin Ranges; Chilcotin Plateau; Continental Slope; Central Pacific Ranges; Dixon Entrance; Eastern Pacific Ranges; Fraser River Basin; Georgia Lowland; Hecate Lowland; Hecate Strait; Juan de Fuca Strait; Johnstone Strait; Kimsquit Mountains; Kitimat Ranges; Leeward Island Mountains; Meziadin Mountains; Nanaimo Lowland; Nass Mountains; Nazko Upland; North Coast Fjords; Nechako Upland; Northern Island Mountains; Northern Pacific Ranges; Nahwitti Lowland; Outer Fjordland; Pavilion Ranges; Queen Charlotte Ranges; Queen Charlotte Sound; Queen Charlotte Strait; Southern Boundary Ranges; Southern Chilcotin Ranges; Strait of Georgia; Southern Pacific Ranges; Vancouver Island Shelf; Western Chilcotin Ranges; Western Chilcotin Upland; Windward Island Mountains,,,,1-E (Feb 2010),,,,Vertebrate Animal,ray-finned fishes,,Animalia,Craniata,Actinopterygii,Perciformes,Gasterosteidae,,1- Vancouver Island; 2- Lower Mainland; 3- Thompson; 5- Cariboo; 6- Skeena,Capital Regional District; Central Coast Regional District; Cariboo Regional District; Cowichan Valley Regional District; North Coast Regional District; Regional District of Alberni-Clayoquot; Regional District of Bulkley-Nechako; Regional District of Kitimat-Stikine; Regional District of Mount Waddington; Regional District of Nanaimo; Sunshine Coast Regional District; Squamish-Lillooet Regional District; Strathcona Regional District; Thompson-Nicola Regional District; qathet Regional District,Port Alberni; Tofino; Ucluelet; Alert Bay; Port Alice; Port Hardy; Port McNeill; Campbell River; Gold River; Sayward; Tahsis; Zeballos; Kitimat; Stewart; Port Edward; Prince Rupert,CWH,,Native,Regularly occurring,,,Y,Y,
Gasterosteus sp. 2,,Enos Lake Limnetic Stickleback,,F-GASP-02,AFCPA03040,GX,Jul 2019,SX,Aug 2025,Mar 2018,X (Dec 2023),,Extinct,,,Fraser Lowland; Georgia Lowland; Juan de Fuca Strait; Johnstone Strait; Leeward Island Mountains; Nanaimo Lowland; Outer Fjordland; Southern Gulf Islands; Strait of Georgia; Southern Pacific Ranges; Vancouver Island Shelf; Windward Island Mountains,,,,1-E (Jan 2005),,,,Vertebrate Animal,ray-finned fishes,,Animalia,Craniata,Actinopterygii,Perciformes,Gasterosteidae,,1- Vancouver Island; 2- Lower Mainland,Capital Regional District; Comox Valley Regional District; Cowichan Valley Regional District; Metro Vancouver Regional District; Regional District of Nanaimo; Sunshine Coast Regional District; Squamish-Lillooet Regional District; Strathcona Regional District; qathet Regional District,Anmore; Belcarra; Bowen Island; Burnaby; Delta; North Vancouver - City; Port Moody; Richmond; Surrey; Vancouver; West Vancouver; White Rock; Lions Bay; North Vancouver - District; Squamish; Central Saanich; Colwood; Esquimalt; Highlands; Langford; Metchosin; North Saanich; Oak Bay; Saanich; Sidney; Sooke; Victoria; View Royal; Cumberland; Comox; Courtenay; Duncan; Ladysmith; Lake Cowichan; North Cowichan; Parksville; Lantzville; Nanaimo; Qualicum Beach; Powell River; Gibsons; Sechelt; Campbell River,CDF,,Native,Regularly occurring,,,Y,Y,
Gasterosteus sp. 3,,Enos Lake Benthic Stickleback,,F-GASP-03,AFCPA03050,GX,Nov 2019,SX,Aug 2025,Apr 2018,X (Dec 2023),,Extinct,,,Fraser Lowland; Georgia Lowland; Juan de Fuca Strait; Johnstone Strait; Leeward Island Mountains; Nanaimo Lowland; Outer Fjordland; Southern Gulf Islands; Strait of Georgia; Southern Pacific Ranges; Vancouver Island Shelf; Windward Island Mountains,,,,1-E (Jan 2005),,,,Vertebrate Animal,ray-finned fishes,,Animalia,Craniata,Actinopterygii,Perciformes,Gasterosteidae,,1- Vancouver Island; 2- Lower Mainland,Capital Regional District; Comox Valley Regional District; Cowichan Valley Regional District; Metro Vancouver Regional District; Regional District of Nanaimo; Sunshine Coast Regional District; Squamish-Lillooet Regional District; Strathcona Regional District; qathet Regional District,Anmore; Belcarra; Bowen Island; Burnaby; Delta; North Vancouver - City; Port Moody; Richmond; Surrey; Vancouver; West Vancouver; White Rock; Lions Bay; North Vancouver - District; Squamish; Central Saanich; Colwood; Esquimalt; Highlands; Langford; Metchosin; North Saanich; Oak Bay; Saanich; Sidney; Sooke; Victoria; View Royal; Cumberland; Comox; Courtenay; Duncan; Ladysmith; Lake Cowichan; North Cowichan; Parksville; Lantzville; Nanaimo; Qualicum Beach; Powell River; Gibsons; Sechelt; Campbell River,CDF,,Native,Regularly occurring,,,Y,Y,
Gasterosteus sp. 4,,Paxton Lake Limnetic Stickleback,,F-GASP-04,AFCPA03060,G1,Nov 2018,S1,Mar 2018,Jan 1992,E (Dec 2023),,Red,,,Fraser Lowland; Georgia Lowland; Juan de Fuca Strait; Johnstone Strait; Nanaimo Lowland; Outer Fjordland; Southern Gulf Islands; Strait of Georgia; Southern Pacific Ranges,,,,1-E (Jun 2003),,,,Vertebrate Animal,ray-finned fishes,,Animalia,Craniata,Actinopterygii,Perciformes,Gasterosteidae,,1- Vancouver Island; 2- Lower Mainland,Capital Regional District; Comox Valley Regional District; Cowichan Valley Regional District; Metro Vancouver Regional District; Regional District of Nanaimo; Sunshine Coast Regional District; Squamish-Lillooet Regional District; Strathcona Regional District; qathet Regional District,Anmore; Belcarra; Bowen Island; Burnaby; Delta; North Vancouver - City; Port Moody; Richmond; Surrey; Vancouver; West Vancouver; White Rock; Lions Bay; North Vancouver - District; Squamish; Central Saanich; Highlands; Langford; North Saanich; Oak Bay; Saanich; Sidney; Comox; Courtenay; Ladysmith; North Cowichan; Parksville; Lantzville; Nanaimo; Qualicum Beach; Powell River; Gibsons; Sechelt; Campbell River,CDF,,Native,Regularly occurring,,,Y,Y,
Gasterosteus sp. 5,,Paxton Lake Benthic Stickleback,,F-GASP-05,AFCPA03070,G1,Feb 2016,S1,Mar 2018,Jan 1992,E (Dec 2023),,Red,,,Fraser Lowland; Georgia Lowland; Juan de Fuca Strait; Johnstone Strait; Nanaimo Lowland; Outer Fjordland; Southern Gulf Islands; Strait of Georgia; Southern Pacific Ranges,,,,1-E (Jun 2003),,,,Vertebrate Animal,ray-finned fishes,,Animalia,Craniata,Actinopterygii,Perciformes,Gasterosteidae,,1- Vancouver Island; 2- Lower Mainland,Capital Regional District; Comox Valley Regional District; Cowichan Valley Regional District; Metro Vancouver Regional District; Regional District of Nanaimo; Sunshine Coast Regional District; Squamish-Lillooet Regional District; Strathcona Regional District; qathet Regional District,Anmore; Belcarra; Bowen Island; Burnaby; Delta; North Vancouver - City; Port Moody; Richmond; Surrey; Vancouver; West Vancouver; White Rock; Lions Bay; North Vancouver - District; Squamish; Central Saanich; Highlands; Langford; North Saanich; Oak Bay; Saanich; Sidney; Comox; Courtenay; Ladysmith; North Cowichan; Parksville; Lantzville; Nanaimo; Qualicum Beach; Powell River; Gibsons; Sechelt; Campbell River,CDF,,Native,Regularly occurring,,,Y,Y,
Genyonemus lineatus,,White Croaker,,F-GELI,AFCQH13010,GNR,,SNR,,,,,Not Reviewed,,,,,,,,,,,Vertebrate Animal,ray-finned fishes,,Animalia,Craniata,Actinopterygii,Perciformes,Sciaenidae,,,,,,,Native,Regularly occurring,,,N,N,
Gibbonsia metzi,,Striped Kelpfish,,F-GIME,AFCQQ08030,GNR,,SNR,,,,,Not Reviewed,,,,,,,,,,,Vertebrate Animal,ray-finned fishes,,Animalia,Craniata,Actinopterygii,Blenniiformes,Clinidae,,,,,,,Native,Regularly occurring,,,N,N,
Gibbonsia montereyensis,,Crevice Kelpfish,,F-GIMO,AFCQQ08040,GNR,,SNR,,,,,Not Reviewed,,,,,,,,,,,Vertebrate Animal,ray-finned fishes,,Animalia,Craniata,Actinopterygii,Blenniiformes,Clinidae,,,,,,,Native,Regularly occurring,,,N,N,
Gila alutacea,,Chiselmouth,,F-GIAL,AFCJB01010,G5,Oct 2011,S4,Aug 2025,May 2019,NAR (May 2003),,Yellow,,,Bulkley Basin; Chilcotin Plateau; Hozameen Range; Nazko Upland; Nechako Lowland; Nechako Upland; Nicola Basin; Northern Okanagan Basin; Northern Okanagan Highland; Okanagan Range; Quesnel Lowland; Selkirk Foothills; Southern Okanogan Basin; Southern Okanogan Highland; Western Chilcotin Ranges; Western Chilcotin Upland; Western Okanagan Upland,,,,,,4 - Secure(2005),,Vertebrate Animal,ray-finned fishes,,Animalia,Craniata,Actinopterygii,Cypriniformes,Leuciscidae,,5- Cariboo; 6- Skeena; 7- Omineca; 8- Okanagan,Cariboo Regional District; Regional District of Bulkley-Nechako; Regional District of Fraser-Fort George; Regional District of Kootenay Boundary; Regional District of Okanagan-Similkameen; Thompson-Nicola Regional District,Keremeos; Osoyoos; Princeton; Oliver; Grand Forks; Greenwood; Midway,,,Native,Regularly occurring,,,N,W,
Glyptocephalus zachirus,Errex zachirus,Rex Sole,,F-GLZA,AFCTB21010,G5,Dec 2017,SNR,,,,,Not Reviewed,,,,,,,,,,,Vertebrate Animal,ray-finned fishes,,Animalia,Craniata,Actinopterygii,Carangiformes,Pleuronectidae,,,,,,,Native,Regularly occurring,,,N,N,
Gobiesox maeandricus,,Northern Clingfish,,F-GOMA,AFCXA02020,GNR,,SNR,,,,,Not Reviewed,,,,,,,,,,,Vertebrate Animal,ray-finned fishes,,Animalia,Craniata,Actinopterygii,Blenniiformes,Gobiesocidae,,,,,,,Native,Regularly occurring,,,N,N,
Gymnocanthus galeatus,,Armorhead Sculpin,,F-GYGA,AFC4E19020,GNR,,SNR,,,,,Not Reviewed,,,,,,,,,,,Vertebrate Animal,ray-finned fishes,,Animalia,Craniata,Actinopterygii,Perciformes,Psychrolutidae,,,,,,,Native,Regularly occurring,,,N,N,
Gyrinomimus grahami,Gyrinomimus sp. 1,Flabby Whalefish,,F-GYSP,AFC9B01010,GNR,,SNR,,,,,Not Reviewed,,,,,,,,,,,Vertebrate Animal,ray-finned fishes,,Animalia,Craniata,Actinopterygii,Beryciformes,Cetomimidae,,,,,,,Native,Regularly occurring,,,N,N,
Halargyreus johnsonii,,Slender Codling,,F-HAJO,AFCMH04010,GNR,,SNR,,,,,Not Reviewed,,,,,,,,,,,Vertebrate Animal,ray-finned fishes,,Animalia,Craniata,Actinopterygii,Gadiformes,Moridae,,,,,,,Native,Regularly occurring,,,N,N,
Hemilepidotus hemilepidotus,,Red Irish Lord,,F-HEHE,AFC4E31010,GNR,,SNR,,,,,Not Reviewed,,,,,,,,,,,Vertebrate Animal,ray-finned fishes,,Animalia,Craniata,Actinopterygii,Perciformes,Agonidae,,,,,,,Native,Regularly occurring,,,N,N,
Hemilepidotus spinosus,,Brown Irish Lord,,F-HESP,AFC4E31040,GNR,,SNR,,,,,Not Reviewed,,,,,,,,,,,Vertebrate Animal,ray-finned fishes,,Animalia,Craniata,Actinopterygii,Perciformes,Agonidae,,,,,,,Native,Regularly occurring,,,N,N,
Hemitripterus bolini,,Bigmouth Sculpin,,F-HEBO,AFC4E20020,GNR,,SNR,,,,,Not Reviewed,,,,,,,,,,,Vertebrate Animal,ray-finned fishes,,Animalia,Craniata,Actinopterygii,Perciformes,Agonidae,,,,,,,Native,Regularly occurring,,,N,N,
Heterostichus rostratus,,Giant Kelpfish,,F-HERO,AFCQQ10010,GNR,,SNR,,,,,Not Reviewed,,,,,,,,,,,Vertebrate Animal,ray-finned fishes,,Animalia,Craniata,Actinopterygii,Blenniiformes,Clinidae,,,,,,,Native,Regularly occurring,,,N,N,
Hexagrammos decagrammus,,Kelp Greenling,,F-HEDE,AFC4D01010,G5,Dec 2017,SNR,,,,,Not Reviewed,,,,,,,,,,,Vertebrate Animal,ray-finned fishes,,Animalia,Craniata,Actinopterygii,Perciformes,Hexagrammidae,,,,,,,Native,Regularly occurring,,,N,N,
Hexagrammos lagocephalus,,Rock Greenling,,F-HELA,AFC4D01020,GNR,,SNR,,,,,Not Reviewed,,,,,,,,,,,Vertebrate Animal,ray-finned fishes,,Animalia,Craniata,Actinopterygii,Perciformes,Hexagrammidae,,,,,,,Native,Regularly occurring,,,N,N,
Hexagrammos octogrammus,,Masked Greenling,,F-HEOC,AFC4D01030,GNR,,SNR,,,,,Not Reviewed,,,,,,,,,,,Vertebrate Animal,ray-finned fishes,,Animalia,Craniata,Actinopterygii,Perciformes,Hexagrammidae,,,,,,,Native,Regularly occurring,,,N,N,
Hexagrammos stelleri,,Whitespotted Greenling,,F-HEST,AFC4D01040,G5,Dec 2017,SNR,,,,,Not Reviewed,,,,,,,,,,,Vertebrate Animal,ray-finned fishes,,Animalia,Craniata,Actinopterygii,Perciformes,Hexagrammidae,,,,,,,Native,Regularly occurring,,,N,N,
Hexanchus griseus,,Bluntnose Sixgill Shark,,F-HEGR,AFDBB01010,GNR,,SNR,,,SC (Apr 2007),,Not Reviewed,,,,,,,1-SC (Mar 2009),,,,Vertebrate Animal,cartilaginous fishes,,Animalia,Craniata,Chondrichthyes,Hexanchiformes,Hexanchidae,,,,,,,Native,Regularly occurring,,,N,N,
Hiodon alosoides,,Goldeye,,F-HIAL,AFCGA01010,G5,Dec 2017,S3,May 2019,Mar 2004,,,Blue,,,Cassiar Ranges; Clear Hills; Eastern Muskwa Ranges; Eastern Skeena Mountains; Etsho Plateau; Fort Nelson Lowland; Front Ranges; Finlay River Trench; Hart Foothills; Halfway Plateau; Hyland Plateau; Kechika Mountains; Kiskatinaw Plateau; Kechika River Trench; Liard Plain; Maxhamish Upland; Misinchinka Ranges; Muskwa Foothills; Muskwa Upland; Northern Hart Ranges; Northern Omineca Mountains; Northern Park Ranges; Northern Skeena Mountains; Parsnip Trench; Peace Foothills; Peace Lowland; Petitot Plain; Rabbit Plateau; Southern Boreal Plateau; Sikanni Chief Upland; Southern Hart Ranges; Simpson Upland; Stikine Highland; Stikine Plateau; Trout Lake Plain; Tuya Range; Western Muskwa Ranges,,,,,,4 - Secure(2005),,Vertebrate Animal,ray-finned fishes,,Animalia,Craniata,Actinopterygii,Hiodontiformes,Hiodontidae,,6- Skeena; 7- Omineca; 9- Peace,Peace River Regional District; Regional District of Fraser-Fort George; Regional District of Kitimat-Stikine; Stikine Region (Unincorporated),NRRM; Tumbler Ridge; Chetwynd; Dawson Creek; Fort St John; Hudson's Hope; Pouce Coupe; Taylor,BWBS,,Native,Regularly occurring,,,N,Y,
Hippoglossoides elassodon,,Flathead Sole,,F-HIEL,AFCTB06010,G5,Dec 2017,SNR,,,,,Not Reviewed,,,,,,,,,,,Vertebrate Animal,ray-finned fishes,,Animalia,Craniata,Actinopterygii,Carangiformes,Pleuronectidae,,,,,,,Native,Regularly occurring,,,N,N,
Hippoglossus stenolepis,,Pacific Halibut,,F-HIST,AFCTB07020,G5,Dec 2017,SNR,,,,,Not Reviewed,,,,,,,,,,,Vertebrate Animal,ray-finned fishes,,Animalia,Craniata,Actinopterygii,Carangiformes,Pleuronectidae,,,,,,,Native,Regularly occurring,,,N,N,
Holtbyrnia latifrons,,Teardrop Tubeshoulder,,F-HOLA,AFCHK01020,GNR,,SNR,,,,,Not Reviewed,,,,,,,,,,,Vertebrate Animal,ray-finned fishes,,Animalia,Craniata,Actinopterygii,Alepocephaliformes,Platytroctidae,,,,,,,Native,Regularly occurring,,,N,N,
Hybognathus hankinsoni,,Brassy Minnow,,F-HYHA,AFCJB16020,G5,Aug 2015,S4,Aug 2011,Jan 2004,,,No Status,,,,,,,,,4 - Secure(2005),,Vertebrate Animal,ray-finned fishes,,Animalia,Craniata,Actinopterygii,Cypriniformes,Leuciscidae,,,,,,,Native,Regularly occurring,,,N,N,
Hybognathus hankinsoni - Pacific group,Hybognathus hankinsoni pop. 2,Brassy Minnow - Pacific Group,,F-HYHA-02,AFCJB16022,G5TNRQ,,S2S3,Feb 2019,Jan 2012,SC (May 2022),,Blue,,,Central Pacific Ranges; Eastern Pacific Ranges; Fraser Lowland; Georgia Lowland; Hozameen Range; Juan de Fuca Strait; Johnstone Strait; Leeward Pacific Ranges; Nanaimo Lowland; Northwestern Cascade Ranges; Outer Fjordland; Southern Chilcotin Ranges; Southern Gulf Islands; Strait of Georgia; Southern Pacific Ranges,,,,,,,,Vertebrate Animal,ray-finned fishes,,Animalia,Craniata,Actinopterygii,Cypriniformes,Leuciscidae,,1- Vancouver Island; 2- Lower Mainland; 3- Thompson; 8- Okanagan,Capital Regional District; Comox Valley Regional District; Cowichan Valley Regional District; Fraser Valley Regional District; Metro Vancouver Regional District; Regional District of Nanaimo; Regional District of Okanagan-Similkameen; Sunshine Coast Regional District; Squamish-Lillooet Regional District; Strathcona Regional District; Thompson-Nicola Regional District; qathet Regional District,Anmore; Belcarra; Bowen Island; Burnaby; Coquitlam; Delta; Langley - City; Maple Ridge; New Westminster; North Vancouver - City; Pitt Meadows; Port Coquitlam; Port Moody; Richmond; Surrey; Vancouver; West Vancouver; White Rock; Lions Bay; Langley - District; North Vancouver - District; Squamish; Whistler; Pemberton; Central Saanich; Highlands; Langford; North Saanich; Oak Bay; Saanich; Sidney; Comox; Courtenay; Ladysmith; North Cowichan; Parksville; Lantzville; Nanaimo; Qualicum Beach; Powell River; Gibsons; Sechelt; Campbell River; Abbotsford; Chilliwack; Harrison Hot Springs; Hope; Kent; Mission,CDFmm; CWHdm; CWHxm,,Native,Regularly occurring,,,Y,Y,
Hybognathus hankinsoni - western Arctic group,Hybognathus hankinsoni pop. 1,Brassy Minnow - Western Arctic Group,,F-HYHA-01,AFCJB16021,G5TNRQ,,S3S4,Jan 2012,Jan 2012,SC (May 2022),,Blue,,,,,,,,,,,Vertebrate Animal,ray-finned fishes,,Animalia,Craniata,Actinopterygii,Cypriniformes,Leuciscidae,,,,,,,Native,Regularly occurring,,,Y,Y,
Hydrolagus colliei,,Spotted Ratfish,,F-HYCO,AFDAA01010,G5,Dec 2017,SNR,,,,,Not Reviewed,,,,,,,,,,,Vertebrate Animal,cartilaginous fishes,,Animalia,Craniata,Chondrichthyes,Chimaeriformes,Chimaeridae,,,,,,,Native,Regularly occurring,,,N,N,
Hyperprosopon argenteum,,Walleye Surfperch,,F-HYAR,AFCQK06020,GNR,,SNR,,,,,Not Reviewed,,,,,,,,,,,Vertebrate Animal,ray-finned fishes,,Animalia,Craniata,Actinopterygii,Blenniiformes,Embiotocidae,,,,,,,Native,Regularly occurring,,,N,N,
Hyperprosopon ellipticum,,Silver Surfperch,,F-HYEL,AFCQK06030,GNR,,SNR,,,,,Not Reviewed,,,,,,,,,,,Vertebrate Animal,ray-finned fishes,,Animalia,Craniata,Actinopterygii,Blenniiformes,Embiotocidae,,,,,,,Native,Regularly occurring,,,N,N,
Hypomesus pretiosus,,Surf Smelt,,F-HYPR,AFCHB01030,G5,Sep 1996,SNR,,,,,Not Reviewed,,,,,,,,,,,Vertebrate Animal,ray-finned fishes,,Animalia,Craniata,Actinopterygii,Osmeriformes,Osmeridae,,,,,,,Native,Regularly occurring,,,N,N,
Hypsagonus mozinoi,,Kelp Poacher,,F-HYMO,AFC4F01010,GNR,,SNR,,,,,Not Reviewed,,,,,,,,,,,Vertebrate Animal,ray-finned fishes,,Animalia,Craniata,Actinopterygii,Perciformes,Agonidae,,,,,,,Native,Regularly occurring,,,N,N,
Hypsagonus quadricornis,,Fourhorn Poacher,,F-HYQU,AFC4F08010,GNR,,SNR,,,,,Not Reviewed,,,,,,,,,,,Vertebrate Animal,ray-finned fishes,,Animalia,Craniata,Actinopterygii,Perciformes,Agonidae,,,,,,,Native,Regularly occurring,,,N,N,
Icelinus borealis,,Northern Sculpin,,F-ICBO,AFC4E32010,GNR,,SNR,,,,,Not Reviewed,,,,,,,,,,,Vertebrate Animal,ray-finned fishes,,Animalia,Craniata,Actinopterygii,Perciformes,Psychrolutidae,,,,,,,Native,Regularly occurring,,,N,N,
Icelinus burchami,,Dusky Sculpin,,F-ICBU,AFC4E32020,GNR,,SNR,,,,,Not Reviewed,,,,,,,,,,,Vertebrate Animal,ray-finned fishes,,Animalia,Craniata,Actinopterygii,Perciformes,Psychrolutidae,,,,,,,Native,Regularly occurring,,,N,N,
Icelinus filamentosus,,Threadfin Sculpin,,F-ICFI,AFC4E32040,GNR,,SNR,,,,,Not Reviewed,,,,,,,,,,,Vertebrate Animal,ray-finned fishes,,Animalia,Craniata,Actinopterygii,Perciformes,Psychrolutidae,,,,,,,Native,Regularly occurring,,,N,N,
Icelinus fimbriatus,,Fringed Sculpin,,F-ICFM,AFC4E32050,GNR,,SNR,,,,,Not Reviewed,,,,,,,,,,,Vertebrate Animal,ray-finned fishes,,Animalia,Craniata,Actinopterygii,Perciformes,Psychrolutidae,,,,,,,Native,Regularly occurring,,,N,N,
Icelinus tenuis,,Spotfin Sculpin,,F-ICTE,AFC4E32080,GNR,,SNR,,,,,Not Reviewed,,,,,,,,,,,Vertebrate Animal,ray-finned fishes,,Animalia,Craniata,Actinopterygii,Perciformes,Psychrolutidae,,,,,,,Native,Regularly occurring,,,N,N,
Icelus spiniger,,Thorny Sculpin,,F-ICSP,AFC4E21050,GNR,,SNR,,,,,Not Reviewed,,,,,,,,,,,Vertebrate Animal,ray-finned fishes,,Animalia,Craniata,Actinopterygii,Perciformes,Psychrolutidae,,,,,,,Native,Regularly occurring,,,N,N,
Ichthyococcus elongatus,,Slim Lightfish,,F-ICEL,AFC7A04010,GNR,,SNR,,,,,Not Reviewed,,,,,,,,,,,Vertebrate Animal,ray-finned fishes,,Animalia,Craniata,Actinopterygii,Stomiiformes,Phosichthyidae,,,,,,,Native,Regularly occurring,,,N,N,
Icichthys lockingtoni,,Medusafish,,F-ICLO,AFCS406010,GNR,,SNR,,,,,Not Reviewed,,,,,,,,,,,Vertebrate Animal,ray-finned fishes,,Animalia,Craniata,Actinopterygii,Scombriformes,Centrolophidae,,,,,,,Native,Regularly occurring,,,N,N,
Icosteus aenigmaticus,,Ragfish,,F-ICAE,AFCSQ01010,GNR,,SNR,,,,,Not Reviewed,,,,,,,,,,,Vertebrate Animal,ray-finned fishes,,Animalia,Craniata,Actinopterygii,Scombriformes,Icosteidae,,,,,,,Native,Regularly occurring,,,N,N,
Idiacanthus antrostomus,,Pacific Dragonfish,,F-IDAN,AFC7B08010,GNR,,SNR,,,,,Not Reviewed,,,,,,,,,,,Vertebrate Animal,ray-finned fishes,,Animalia,Craniata,Actinopterygii,Stomiiformes,Stomiidae,,,,,,,Native,Regularly occurring,,,N,N,
Isopsetta isolepis,Pleuronectes isolepis,Butter Sole,,F-ISIS,AFCTB16090,G5,Dec 2017,SNR,,,,,Not Reviewed,,,,,,,,,,,Vertebrate Animal,ray-finned fishes,,Animalia,Craniata,Actinopterygii,Carangiformes,Pleuronectidae,,,,,,,Native,Regularly occurring,,,N,N,
Isurus oxyrinchus,,Shortfin Mako,,F-ISOX,AFDDE03010,GNR,,SNR,,,,,Not Reviewed,,,,,,,,,,,Vertebrate Animal,cartilaginous fishes,,Animalia,Craniata,Chondrichthyes,Lamniformes,Lamnidae,,,,,,,Native,Regularly occurring,,,N,N,
Jordania zonope,,Longfin Sculpin,,F-JOZO,AFC4E33010,GNR,,SNR,,,,,Not Reviewed,,,,,,,,,,,Vertebrate Animal,ray-finned fishes,,Animalia,Craniata,Actinopterygii,Perciformes,Jordaniidae,,,,,,,Native,Regularly occurring,,,N,N,
Katsuwonus pelamis,,Skipjack Tuna,,F-KAPE,AFCS309010,GNR,,SNR,,,,,Not Reviewed,,,,,,,,,,,Vertebrate Animal,ray-finned fishes,,Animalia,Craniata,Actinopterygii,Scombriformes,Scombridae,,,,,,,Native,Regularly occurring,,,N,N,
Lamna ditropis,,Salmon Shark,,F-LADI,AFDDE04010,GNR,,SNR,,,,,Not Reviewed,,,,,,,,,,,Vertebrate Animal,cartilaginous fishes,,Animalia,Craniata,Chondrichthyes,Lamniformes,Lamnidae,,,,,,,Native,Regularly occurring,,,N,N,
Lampanyctus jordani,,Brokenline Lanternfish,,F-LAJO,AFCVH04030,GNR,,SNR,,,,,Not Reviewed,,,,,,,,,,,Vertebrate Animal,ray-finned fishes,,Animalia,Craniata,Actinopterygii,Myctophiformes,Myctophidae,,,,,,,Native,Regularly occurring,,,N,N,
Lampetra ayresii,,River Lamprey,,F-LAAY,AFBAA02030,G5,Dec 2017,S5?,Sep 2025,May 2019,,,Yellow,,,,,,,,,4 - Secure(2005),,Vertebrate Animal,Lampreys,,Animalia,Craniata,Petromyzontida,Petromyzontiformes,Petromyzontidae,,,,,,,Native,Regularly occurring,,,N,N,
Lampetra richardsoni,,Western Brook Lamprey,,F-LARC,AFBAA02180,G4G5,Feb 2012,S4,Aug 2025,Nov 2000,,,Yellow,,,,,,,,,4 - Secure(2005),,Vertebrate Animal,Lampreys,,Animalia,Craniata,Petromyzontida,Petromyzontiformes,Petromyzontidae,,,,,,,Native,Regularly occurring,,,N,N,
Lampetra richardsoni pop. 1,,Western Brook Lamprey (Morrison Creek Population),,F-LARC-01,AFBAA02092,G4G5T1Q,Jan 2005,S1,Aug 2025,Mar 2000,E (Apr 2010),,Red,,,Central Chilcotin Ranges; Continental Slope; Central Pacific Ranges; Eastern Pacific Ranges; Fraser Lowland; Georgia Lowland; Hecate Lowland; Juan de Fuca Strait; Johnstone Strait; Leeward Island Mountains; Nanaimo Lowland; North Coast Fjords; Northern Island Mountains; Northern Pacific Ranges; Nahwitti Lowland; Outer Fjordland; Queen Charlotte Sound; Queen Charlotte Strait; Southern Chilcotin Ranges; Southern Gulf Islands; Strait of Georgia; Southern Pacific Ranges; Vancouver Island Shelf; Western Chilcotin Ranges; Windward Island Mountains,,,,1-E (Jun 2003),,,,Vertebrate Animal,Lampreys,,Animalia,Craniata,Petromyzontida,Petromyzontiformes,Petromyzontidae,,1- Vancouver Island; 2- Lower Mainland; 3- Thompson; 5- Cariboo,Capital Regional District; Central Coast Regional District; Comox Valley Regional District; Cariboo Regional District; Cowichan Valley Regional District; Metro Vancouver Regional District; Regional District of Alberni-Clayoquot; Regional District of Mount Waddington; Regional District of Nanaimo; Sunshine Coast Regional District; Squamish-Lillooet Regional District; Strathcona Regional District; qathet Regional District,Anmore; Belcarra; Bowen Island; Burnaby; Delta; North Vancouver - City; Port Moody; Richmond; Surrey; Vancouver; West Vancouver; White Rock; Lions Bay; North Vancouver - District; Squamish; Port Alberni; Tofino; Ucluelet; Central Saanich; Highlands; Langford; Metchosin; North Saanich; Oak Bay; Saanich; Sidney; Sooke; Cumberland; Comox; Courtenay; Duncan; Ladysmith; Lake Cowichan; North Cowichan; Port Alice; Port Hardy; Port McNeill; Parksville; Lantzville; Nanaimo; Qualicum Beach; Powell River; Gibsons; Sechelt; Campbell River; Gold River; Sayward; Tahsis; Zeballos,CWH,,Native,Regularly occurring,,,Y,Y,
Lampris guttatus,,Opah,,F-LAGU,AFC2A01010,GNR,,SNR,,,,,Not Reviewed,,,,,,,,,,,Vertebrate Animal,ray-finned fishes,,Animalia,Craniata,Actinopterygii,Lampriformes,Lamprididae,,,,,,,Native,Regularly occurring,,,N,N,
Lepidogobius lepidus,,Bay Goby,,F-LELE,AFCQN21010,GNR,,SNR,,,,,Not Reviewed,,,,,,,,,,,Vertebrate Animal,ray-finned fishes,,Animalia,Craniata,Actinopterygii,Gobiiformes,Gobiidae,,,,,,,Native,Regularly occurring,,,N,N,
Lepidopsetta bilineata,Pleuronectes bilineatus,Rock Sole,,F-LEBI,AFCTB16080,G5,Dec 2017,SNR,,,,,Not Reviewed,,,,,,,,,,,Vertebrate Animal,ray-finned fishes,,Animalia,Craniata,Actinopterygii,Carangiformes,Pleuronectidae,,,,,,,Native,Regularly occurring,,,N,N,
Lepidopsetta polyxystra,,Northern Rock Sole,,F-LEPO,AFCTB24010,GNR,,SNR,,,,,Not Reviewed,,,,,,,,,,,Vertebrate Animal,ray-finned fishes,,Animalia,Craniata,Actinopterygii,Carangiformes,Pleuronectidae,,,,,,,Native,Regularly occurring,,,N,N,
Lepomis gibbosus,,Pumpkinseed,,F-LEGI,AFCQB11030,G5,Feb 2016,SNA,Jul 2025,Jan 2003,,,Exotic,,,,,,,,,4 - Secure(2005),,Vertebrate Animal,ray-finned fishes,,Animalia,Craniata,Actinopterygii,Centrarchiformes,Centrarchidae,,,,,,,Exotic,Regularly occurring,,,N,N,
Lepomis macrochirus,,Bluegill,,F-LPMA,AFCQB11060,G5,Aug 2015,SNA,Jul 2025,Dec 2015,,,Exotic,,,,,,,,,,,Vertebrate Animal,ray-finned fishes,,Animalia,Craniata,Actinopterygii,Centrarchiformes,Centrarchidae,,,,,,,Exotic,Regularly occurring,,,N,N,
Leptagonus frenatus,,Sawback Poacher,,F-LEFR,AFC4F14010,GNR,,SNR,,,,,Not Reviewed,,,,,,,,,,,Vertebrate Animal,ray-finned fishes,,Animalia,Craniata,Actinopterygii,Perciformes,Agonidae,,,,,,,Native,Regularly occurring,,,N,N,
Leptoclinus maculatus,,Daubed Shanny,,F-LEMA,AFCSC12030,G5,Dec 2017,SNR,,,,,Not Reviewed,,,,,,,,,,,Vertebrate Animal,ray-finned fishes,,Animalia,Craniata,Actinopterygii,Perciformes,Stichaeidae,,,,,,,Native,Regularly occurring,,,N,N,
Leptocottus armatus,,Pacific Staghorn Sculpin,,F-LEAR,AFC4E03010,G5,Feb 2016,SNR,,,,,Not Reviewed,,,,,,,,,5 - Undetermined(2005),,Vertebrate Animal,ray-finned fishes,,Animalia,Craniata,Actinopterygii,Perciformes,Cottidae,,,,,,,Native,Regularly occurring,,,N,N,
Lestidiops ringens,,Slender Barracudina,,F-LERI,AFC8D03010,GNR,,SNR,,,,,Not Reviewed,,,,,,,,,,,Vertebrate Animal,ray-finned fishes,,Animalia,Craniata,Actinopterygii,Aulopiformes,Paralepididae,,,,,,,Native,Regularly occurring,,,N,N,
Leuroglossus schmidti,,Northern Smoothtongue,,F-LESC,AFCHF01020,G5,Dec 2017,SNR,,,,,Not Reviewed,,,,,,,,,,,Vertebrate Animal,ray-finned fishes,,Animalia,Craniata,Actinopterygii,Argentiniformes,Microstomatidae,,,,,,,Native,Regularly occurring,,,N,N,
Leuroglossus stilbius,,California Smoothtongue,,F-LEST,AFCHF01010,GNR,,SNR,,,,,Not Reviewed,,,,,,,,,,,Vertebrate Animal,ray-finned fishes,,Animalia,Craniata,Actinopterygii,Argentiniformes,Microstomatidae,,,,,,,Native,Regularly occurring,,,N,N,
Limanda aspera,Pleuronectes asper,Yellowfin Sole,,F-LIAS,AFCTB16020,GNR,,SNR,,,,,Not Reviewed,,,,,,,,,,,Vertebrate Animal,ray-finned fishes,,Animalia,Craniata,Actinopterygii,Carangiformes,Pleuronectidae,,,,,,,Native,Regularly occurring,,,N,N,
Liparis callyodon,,Spotted Snailfish,,F-LICA,AFC4G07020,GNR,,SNR,,,,,Not Reviewed,,,,,,,,,,,Vertebrate Animal,ray-finned fishes,,Animalia,Craniata,Actinopterygii,Perciformes,Liparidae,,,,,,,Native,Regularly occurring,,,N,N,
Liparis cyclopus,,Ribbon Snailfish,,F-LICY,AFC4G07040,GNR,,SNR,,,,,Not Reviewed,,,,,,,,,,,Vertebrate Animal,ray-finned fishes,,Animalia,Craniata,Actinopterygii,Perciformes,Liparidae,,,,,,,Native,Regularly occurring,,,N,N,
Liparis dennyi,,Marbled Snailfish,,F-LIDE,AFC4G07060,GNR,,SNR,,,,,Not Reviewed,,,,,,,,,,,Vertebrate Animal,ray-finned fishes,,Animalia,Craniata,Actinopterygii,Perciformes,Liparidae,,,,,,,Native,Regularly occurring,,,N,N,
Liparis florae,,Tidepool Snailfish,,F-LIFL,AFC4G07070,GNR,,SNR,,,,,Not Reviewed,,,,,,,,,,,Vertebrate Animal,ray-finned fishes,,Animalia,Craniata,Actinopterygii,Perciformes,Liparidae,,,,,,,Native,Regularly occurring,,,N,N,
Liparis fucensis,,Slipskin Snailfish,,F-LIFU,AFC4G07080,GNR,,SNR,,,,,Not Reviewed,,,,,,,,,,,Vertebrate Animal,ray-finned fishes,,Animalia,Craniata,Actinopterygii,Perciformes,Liparidae,,,,,,,Native,Regularly occurring,,,N,N,
Liparis gibbus,,Varigated Snailfish,,F-LIGI,AFC4G07050,G5,Feb 2017,SNR,,,,,Not Reviewed,,,,,,,,,,,Vertebrate Animal,ray-finned fishes,,Animalia,Craniata,Actinopterygii,Perciformes,Liparidae,,,,,,,Native,Regularly occurring,,,N,N,
Liparis greeni,,Lobefin Snailfish,,F-LIGR,AFC4G07290,GNR,,SNR,,,,,Not Reviewed,,,,,,,,,,,Vertebrate Animal,ray-finned fishes,,Animalia,Craniata,Actinopterygii,Perciformes,Liparidae,,,,,,,Native,Regularly occurring,,,N,N,
Liparis mucosus,,Slimy Snailfish,,F-LIMU,AFC4G07130,GNR,,SNR,,,,,Not Reviewed,,,,,,,,,,,Vertebrate Animal,ray-finned fishes,,Animalia,Craniata,Actinopterygii,Perciformes,Liparidae,,,,,,,Native,Regularly occurring,,,N,N,
Liparis pulchellus,,Showy Snailfish,,F-LIPU,AFC4G07140,GNR,,SNR,,,,,Not Reviewed,,,,,,,,,,,Vertebrate Animal,ray-finned fishes,,Animalia,Craniata,Actinopterygii,Perciformes,Liparidae,,,,,,,Native,Regularly occurring,,,N,N,
Liparis rutteri,,Ringtail Snailfish,,F-LIRU,AFC4G07150,GNR,,SNR,,,,,Not Reviewed,,,,,,,,,,,Vertebrate Animal,ray-finned fishes,,Animalia,Craniata,Actinopterygii,Perciformes,Liparidae,,,,,,,Native,Regularly occurring,,,N,N,
Lipariscus nanus,,Pygmy Snailfish,,F-LINA,AFC4G20010,GNR,,SNR,,,,,Not Reviewed,,,,,,,,,,,Vertebrate Animal,ray-finned fishes,,Animalia,Craniata,Actinopterygii,Perciformes,Liparidae,,,,,,,Native,Regularly occurring,,,N,N,
Lipolagus ochotensis,,Popeye Blacksmelt,,F-LIOC,AFCHF03010,GNR,,SNR,,,,,Not Reviewed,,,,,,,,,,,Vertebrate Animal,ray-finned fishes,,Animalia,Craniata,Actinopterygii,Argentiniformes,Microstomatidae,,,,,,,Native,Regularly occurring,,,N,N,
Lota lota,,Burbot,,F-LOLO,AFCMA01010,G5,Aug 2015,S4S5,May 2019,May 2019,,,Yellow,,,,,,,,,4 - Secure(2005),,Vertebrate Animal,ray-finned fishes,,Animalia,Craniata,Actinopterygii,Gadiformes,Gadidae,,,,,,,Native,Regularly occurring,,,N,N,
Lota lota pop. 1,,Burbot (Lower Kootenay Population),,F-LOLO-01,AFCMA01011,G5T1Q,Oct 2001,S1,May 2019,Oct 2001,,,Red,,,Big Bend Trench; Cariboo Mountains; Central Columbia Mountains; East Kootenay Trench; Eastern Purcell Mountains; McGillivray Range; Northern Kootenay Mountains; Northern Shuswap Highland; Southern Columbia Mountains; Selkirk Foothills; Southern Purcell Mountains; Shuswap River Highland,,,,,,,,Vertebrate Animal,ray-finned fishes,,Animalia,Craniata,Actinopterygii,Gadiformes,Gadidae,,3- Thompson; 4- Kootenay; 7- Omineca; 8- Okanagan,Columbia Shuswap Regional District; Regional District of Central Kootenay; Regional District of East Kootenay; Regional District of Fraser-Fort George; Regional District of North Okanagan; Thompson-Nicola Regional District,Nelson; Slocan; Silverton; Creston; Kaslo; New Denver; Nakusp; Revelstoke; ; Kimberley,ICH,,Native,Regularly occurring,,,N,Y,
Lumpenella longirostris,,Longsnout Prickleback,,F-LULO,AFCSC11010,GNR,,SNR,,,,,Not Reviewed,,,,,,,,,,,Vertebrate Animal,ray-finned fishes,,Animalia,Craniata,Actinopterygii,Perciformes,Stichaeidae,,,,,,,Native,Regularly occurring,,,N,N,
Lumpenus sagitta,,Snake Prickleback,,F-LUSA,AFCSC12050,GNR,,SNR,,,,,Not Reviewed,,,,,,,,,,,Vertebrate Animal,ray-finned fishes,,Animalia,Craniata,Actinopterygii,Perciformes,Stichaeidae,,,,,,,Native,Regularly occurring,,,N,N,
Luvarus imperialis,,Louvar,,F-LUIM,AFCSN01010,GNR,,SNR,,,,,Not Reviewed,,,,,,,,,,,Vertebrate Animal,ray-finned fishes,,Animalia,Craniata,Actinopterygii,Acanthuriformes,Luvaridae,,,,,,,Native,Regularly occurring,,,N,N,
Lycenchelys camchatica,,Kamchatka Eelpout,,F-LYCA,AFCMG04040,GNR,,SNR,,,,,Not Reviewed,,,,,,,,,,,Vertebrate Animal,ray-finned fishes,,Animalia,Craniata,Actinopterygii,Perciformes,Zoarcidae,,,,,,,Native,Regularly occurring,,,N,N,
Lycenchelys crotalinus,,Snakehead Eelpout,,F-LYCR,AFCMG04020,GNR,,SNR,,,,,Not Reviewed,,,,,,,,,,,Vertebrate Animal,ray-finned fishes,,Animalia,Craniata,Actinopterygii,Perciformes,Zoarcidae,,,,,,,Native,Regularly occurring,,,N,N,
Lycenchelys jordani,,Shortjaw Eelpout,,F-LYJO,AFCMG04030,GNR,,SNR,,,,,Not Reviewed,,,,,,,,,,,Vertebrate Animal,ray-finned fishes,,Animalia,Craniata,Actinopterygii,Perciformes,Zoarcidae,,,,,,,Native,Regularly occurring,,,N,N,
Lycenchelys micropora,,Manytoothed Eelpout,,F-LYMI,AFCMG04050,GNR,,SNR,,,,,Not Reviewed,,,,,,,,,,,Vertebrate Animal,ray-finned fishes,,Animalia,Craniata,Actinopterygii,Perciformes,Zoarcidae,,,,,,,Native,Regularly occurring,,,N,N,
Lycodapus dermatinus,,Looseskin Eelpout,,F-LYDE,AFCMG05060,GNR,,SNR,,,,,Not Reviewed,,,,,,,,,,,Vertebrate Animal,ray-finned fishes,,Animalia,Craniata,Actinopterygii,Perciformes,Zoarcidae,,,,,,,Native,Regularly occurring,,,N,N,
Lycodapus endemoscotus,,Deepwater Slipskin,,F-LYEN,AFCMG05040,GNR,,SNR,,,,,Not Reviewed,,,,,,,,,,,Vertebrate Animal,ray-finned fishes,,Animalia,Craniata,Actinopterygii,Perciformes,Zoarcidae,,,,,,,Native,Regularly occurring,,,N,N,
Lycodapus fierasfer,,Blackmouth Slipskin,,F-LYFI,AFCMG05010,GNR,,SNR,,,,,Not Reviewed,,,,,,,,,,,Vertebrate Animal,ray-finned fishes,,Animalia,Craniata,Actinopterygii,Perciformes,Zoarcidae,,,,,,,Native,Regularly occurring,,,N,N,
Lycodapus mandibularis,,Pallid Eelpout,,F-LYMA,AFCMG05020,GNR,,SNR,,,,,Not Reviewed,,,,,,,,,,,Vertebrate Animal,ray-finned fishes,,Animalia,Craniata,Actinopterygii,Perciformes,Zoarcidae,,,,,,,Native,Regularly occurring,,,N,N,
Lycodapus pachysoma,,Stout Slipskin,,F-LYPA,AFCMG05050,GNR,,SNR,,,,,Not Reviewed,,,,,,,,,,,Vertebrate Animal,ray-finned fishes,,Animalia,Craniata,Actinopterygii,Perciformes,Zoarcidae,,,,,,,Native,Regularly occurring,,,N,N,
Lycodapus parviceps,,Smallhead Eelpout,,F-LYPR,AFCMG05030,GNR,,SNR,,,,,Not Reviewed,,,,,,,,,,,Vertebrate Animal,ray-finned fishes,,Animalia,Craniata,Actinopterygii,Perciformes,Zoarcidae,,,,,,,Native,Regularly occurring,,,N,N,
Lycodapus psarostomatus,,Specklemouth Eelpout,,F-LYPS,AFCS805040,GNR,,SNR,,,,,Not Reviewed,,,,,,,,,,,Vertebrate Animal,ray-finned fishes,,Animalia,Craniata,Actinopterygii,Perciformes,Zoarcidae,,,,,,,Native,Regularly occurring,,,N,N,
Lycodes brevipes,,Shortfin Eelpout,,F-LYBR,AFCS806010,GNR,,SNR,,,,,Not Reviewed,,,,,,,,,,,Vertebrate Animal,ray-finned fishes,,Animalia,Craniata,Actinopterygii,Perciformes,Zoarcidae,,,,,,,Native,Regularly occurring,,,N,N,
Lycodes cortezianus,,Bigfin Eelpout,,F-LYCO,AFCS806160,GNR,,SNR,,,,,Not Reviewed,,,,,,,,,,,Vertebrate Animal,ray-finned fishes,,Animalia,Craniata,Actinopterygii,Perciformes,Zoarcidae,,,,,,,Native,Regularly occurring,,,N,N,
Lycodes diapterus,,Black Eelpout,,F-LYDI,AFCS806020,GNR,,SNR,,,,,Not Reviewed,,,,,,,,,,,Vertebrate Animal,ray-finned fishes,,Animalia,Craniata,Actinopterygii,Perciformes,Zoarcidae,,,,,,,Native,Regularly occurring,,,N,N,
Lycodes pacificus,,Blackbelly Eelpout,,F-LYPC,AFCMG07010,G5,Dec 2017,SNR,,,,,Not Reviewed,,,,,,,,,,,Vertebrate Animal,ray-finned fishes,,Animalia,Craniata,Actinopterygii,Perciformes,Zoarcidae,,,,,,,Native,Regularly occurring,,,N,N,
Lycodes palearis,,Wattled Eelpout,,F-LYPL,AFCS806050,GNR,,SNR,,,,,Not Reviewed,,,,,,,,,,,Vertebrate Animal,ray-finned fishes,,Animalia,Craniata,Actinopterygii,Perciformes,Zoarcidae,,,,,,,Native,Regularly occurring,,,N,N,
Lyopsetta exilis,Eopsetta exilis,Slender Sole,,F-LYEX,AFCTB04020,G5,Dec 2017,SNR,,,,,Not Reviewed,,,,,,,,,,,Vertebrate Animal,ray-finned fishes,,Animalia,Craniata,Actinopterygii,Carangiformes,Pleuronectidae,,,,,,,Native,Regularly occurring,,,N,N,
Macropinna microstoma,,Barreleye,,F-MAMI,AFCHG01010,GNR,,SNR,,,,,Not Reviewed,,,,,,,,,,,Vertebrate Animal,ray-finned fishes,,Animalia,Craniata,Actinopterygii,Argentiniformes,Opisthoproctidae,,,,,,,Native,Regularly occurring,,,N,N,
Magnisudis atlantica,,Duckbill Barracudina,,F-MAAT,AFC8D01010,G5,Dec 2017,SNR,,,,,Not Reviewed,,,,,,,,,,,Vertebrate Animal,ray-finned fishes,,Animalia,Craniata,Actinopterygii,Aulopiformes,Paralepididae,,,,,,,Native,Regularly occurring,,,N,N,
Malacocottus kincaidi,,Blackfin Sculpin,,F-MAKI,AFC4E36010,GNR,,SNR,,,,,Not Reviewed,,,,,,,,,,,Vertebrate Animal,ray-finned fishes,,Animalia,Craniata,Actinopterygii,Perciformes,Psychrolutidae,,,,,,,Native,Regularly occurring,,,N,N,
Malacocottus zonurus,,Darkfin Sculpin,,F-MAZO,AFC4E36020,GNR,,SNR,,,,,Not Reviewed,,,,,,,,,,,Vertebrate Animal,ray-finned fishes,,Animalia,Craniata,Actinopterygii,Perciformes,Psychrolutidae,,,,,,,Native,Regularly occurring,,,N,N,
Mallotus villosus,,Capelin,,F-MACA,AFCHB06010,G5,,SNR,,,,,Not Reviewed,,,,,,,,,,,Vertebrate Animal,ray-finned fishes,,Animalia,Craniata,Actinopterygii,Osmeriformes,Osmeridae,,,,,,,Native,Regularly occurring,,,N,N,
Margariscus nachtriebi,Margariscus margarita,Pearl Dace,,F-MANA,AFCJB54020,G5,Dec 2017,S4,Aug 2025,May 2019,,,Yellow,,,,,,,,,4 - Secure(2005),,Vertebrate Animal,ray-finned fishes,,Animalia,Craniata,Actinopterygii,Cypriniformes,Leuciscidae,,,,,,,Native,Regularly occurring,,,N,N,
Maulisia argipalla,,Pitted Tubeshoulder,,F-MAAR,AFCHK02010,GNR,,SNR,,,,,Not Reviewed,,,,,,,,,,,Vertebrate Animal,ray-finned fishes,,Animalia,Craniata,Actinopterygii,Alepocephaliformes,Platytroctidae,,,,,,,Native,Regularly occurring,,,N,N,
Medialuna californiensis,,Halfmoon,,F-MECA,AFCRN04010,GNR,,SNR,,,,,Not Reviewed,,,,,,,,,,,Vertebrate Animal,ray-finned fishes,,Animalia,Craniata,Actinopterygii,Centrarchiformes,Kyphosidae,,,,,,,Native,Regularly occurring,,,N,N,
Melamphaes lugubris,,Highsnout Ridgehead,,F-MELU,AFC9C01010,GNR,,SNR,,,,,Not Reviewed,,,,,,,,,,,Vertebrate Animal,ray-finned fishes,,Animalia,Craniata,Actinopterygii,Beryciformes,Melamphaidae,,,,,,,Native,Regularly occurring,,,N,N,
Melanonus zugmayeri,,Arrowtail,,F-MEZU,AFCMJ01010,G5,Dec 2017,SNR,,,,,Not Reviewed,,,,,,,,,,,Vertebrate Animal,ray-finned fishes,,Animalia,Craniata,Actinopterygii,Gadiformes,Melanonidae,,,,,,,Native,Regularly occurring,,,N,N,
Melanostigma pammelas,,Pacific Soft Pout,,F-MEPA,AFCS811020,GNR,,SNR,,,,,Not Reviewed,,,,,,,,,,,Vertebrate Animal,ray-finned fishes,,Animalia,Craniata,Actinopterygii,Perciformes,Zoarcidae,,,,,,,Native,Regularly occurring,,,N,N,
Merluccius productus,,Pacific Hake,,F-MEPR,AFCMA10020,G5,Dec 2017,SNR,,,,,Not Reviewed,,,,,,,,,,,Vertebrate Animal,ray-finned fishes,,Animalia,Craniata,Actinopterygii,Gadiformes,Merlucciidae,,,,,,,Native,Regularly occurring,,,N,N,
Microgadus proximus,,Pacific Tomcod,,F-MIPR,AFCMA02020,G5,Apr 2017,SNR,,,,,Not Reviewed,,,,,,,,,,,Vertebrate Animal,ray-finned fishes,,Animalia,Craniata,Actinopterygii,Gadiformes,Gadidae,,,,,,,Native,Regularly occurring,,,N,N,
Micropterus dolomieu,,Smallmouth Bass,,F-MIDO,AFCQB12190,GNR,,SNA,Jul 2025,Jan 2003,,,Exotic,,,,,,,,,4 - Secure(2005),,Vertebrate Animal,ray-finned fishes,,Animalia,Craniata,Actinopterygii,Centrarchiformes,Centrarchidae,,,,,,,Exotic,Regularly occurring,,,N,N,
Micropterus salmoides,,Largemouth Bass,,F-MINI,AFCQB12050,G5,,SNA,Jul 2025,Jan 2003,,,Exotic,,,,,,,,,4 - Secure(2005),,Vertebrate Animal,ray-finned fishes,,Animalia,Craniata,Actinopterygii,Centrarchiformes,Centrarchidae,,,,,,,Exotic,Regularly occurring,,,N,N,
Microstomus pacificus,,Dover Sole,,F-MIPA,AFCTB14010,G5,Dec 2017,SNR,,,,,Not Reviewed,,,,,,,,,,,Vertebrate Animal,ray-finned fishes,,Animalia,Craniata,Actinopterygii,Carangiformes,Pleuronectidae,,,,,,,Native,Regularly occurring,,,N,N,
Misgurnus anguillicaudatus,,Oriental Weatherfish,,F-MIAN,AFCJD01010,G5,Sep 1996,SNA,Jul 2025,Dec 2015,,,Exotic,,,,,,,,,,,Vertebrate Animal,ray-finned fishes,,Animalia,Craniata,Actinopterygii,Cypriniformes,Cobitidae,,,,,,,Exotic,Regularly occurring,,,N,N,
Mola mola,,Ocean Sunfish,,F-MOMO,AFC3F01020,G5,Dec 2017,SNR,,,,,Not Reviewed,,,,,,,,,,,Vertebrate Animal,ray-finned fishes,,Animalia,Craniata,Actinopterygii,Tetraodontiformes,Molidae,,,,,,,Native,Regularly occurring,,,N,N,
Mola tecta,,Hoodwinker Sunfish,,F-MOTE,AFC3F01030,GNR,,SNR,,,,,Not Reviewed,,,,,,,,,,,Vertebrate Animal,ray-finned fishes,,Animalia,Craniata,Actinopterygii,Tetraodontiformes,Molidae,,,,,,,Native,Regularly occurring,,,N,N,
Mylocheilus caurinus,,Peamouth,,F-MYCA,AFCJB24010,G5,Feb 2016,S5,Jul 2025,Jan 1992,,,Yellow,,,,,,,,,4 - Secure(2005),,Vertebrate Animal,ray-finned fishes,,Animalia,Craniata,Actinopterygii,Cypriniformes,Leuciscidae,,,,,,,Native,Regularly occurring,,,N,N,
Myoxocephalus polyacanthocephalus,,Great Sculpin,,F-MYPO,AFC4E04070,GNR,,SNR,,,,,Not Reviewed,,,,,,,,,,,Vertebrate Animal,ray-finned fishes,,Animalia,Craniata,Actinopterygii,Perciformes,Psychrolutidae,,,,,,,Native,Regularly occurring,,,N,N,
Myoxocephalus scorpius,,Shorthorn Sculpin,,F-MYSC,AFC4E04140,GNR,,SNR,,,,,Not Reviewed,,,,,,,,,,,Vertebrate Animal,ray-finned fishes,,Animalia,Craniata,Actinopterygii,Perciformes,Psychrolutidae,,,,,,,Native,Regularly occurring,,,N,N,
Nannobrachium regale,,Pinpoint Lanternfish,,F-NARE,AFCVH04010,G5,Dec 2017,SNR,,,,,Not Reviewed,,,,,,,,,,,Vertebrate Animal,ray-finned fishes,,Animalia,Craniata,Actinopterygii,Myctophiformes,Myctophidae,,,,,,,Native,Regularly occurring,,,N,N,
Nannobrachium ritteri,,Broadfin Lanternfish,,F-NARI,AFCVH13010,G5,Dec 2017,SNR,,,,,Not Reviewed,,,,,,,,,,,Vertebrate Animal,ray-finned fishes,,Animalia,Craniata,Actinopterygii,Myctophiformes,Myctophidae,,,,,,,Native,Regularly occurring,,,N,N,
Nansenia candida,,Bluethroat Argentine,,F-NACA,AFCHJ01010,GNR,,SNR,,,,,Not Reviewed,,,,,,,,,,,Vertebrate Animal,ray-finned fishes,,Animalia,Craniata,Actinopterygii,Argentiniformes,Microstomatidae,,,,,,,Native,Regularly occurring,,,N,N,
Naucrates ductor,,Pilotfish,,F-NADU,AFCQZ07010,GNR,,SNR,,,,,Not Reviewed,,,,,,,,,,,Vertebrate Animal,ray-finned fishes,,Animalia,Craniata,Actinopterygii,Carangiformes,Carangidae,,,,,,,Native,Regularly occurring,,,N,N,
Nautichthys oculofasciatus,,Sailfin Sculpin,,F-NAOC,AFC4E05010,GNR,,SNR,,,,,Not Reviewed,,,,,,,,,,,Vertebrate Animal,ray-finned fishes,,Animalia,Craniata,Actinopterygii,Perciformes,Agonidae,,,,,,,Native,Regularly occurring,,,N,N,
Nautichthys robustus,,Shortmast Sculpin,,F-NARO,AFC4E05030,GNR,,SNR,,,,,Not Reviewed,,,,,,,,,,,Vertebrate Animal,ray-finned fishes,,Animalia,Craniata,Actinopterygii,Perciformes,Agonidae,,,,,,,Native,Regularly occurring,,,N,N,
Nectoliparis pelagicus,,Tadpole Snailfish,,F-NEPE,AFC4G14010,GNR,,SNR,,,,,Not Reviewed,,,,,,,,,,,Vertebrate Animal,ray-finned fishes,,Animalia,Craniata,Actinopterygii,Perciformes,Liparidae,,,,,,,Native,Regularly occurring,,,N,N,
Nemichthys scolopaceus,,Slender Snipe Eel,,F-NESC,AFCEJ01010,G5,Dec 2017,SNR,,,,,Not Reviewed,,,,,,,,,,,Vertebrate Animal,ray-finned fishes,,Animalia,Craniata,Actinopterygii,Anguilliformes,Nemichthyidae,,,,,,,Native,Regularly occurring,,,N,N,
Neoscopelus macrolepidotus,,Glowingfish,,F-NEMA,AFCVJ01010,GNR,,SNR,,,,,Not Reviewed,,,,,,,,,,,Vertebrate Animal,ray-finned fishes,,Animalia,Craniata,Actinopterygii,Myctophiformes,Neoscopelidae,,,,,,,Native,Regularly occurring,,,N,N,
Nezumia stelgidolepis,,California Grenadier,,F-NEST,AFCMC02030,GNR,,SNR,,,,,Not Reviewed,,,,,,,,,,,Vertebrate Animal,ray-finned fishes,,Animalia,Craniata,Actinopterygii,Gadiformes,Macrouridae,,,,,,,Native,Regularly occurring,,,N,N,
Notacanthus chemnitzii,,Largescale Tapirfish,,F-NOCH,AFCUA01010,G5,Dec 2017,SNR,,,,,Not Reviewed,,,,,,,,,,,Vertebrate Animal,ray-finned fishes,,Animalia,Craniata,Actinopterygii,Notacanthiformes,Notacanthidae,,,,,,,Native,Regularly occurring,,,N,N,
Notorynchus cepedianus,,Broadnose Sevengill Shark,,F-NOCE,AFDBB02010,GNR,,SNR,,,,,Not Reviewed,,,,,,,,,,,Vertebrate Animal,cartilaginous fishes,,Animalia,Craniata,Chondrichthyes,Hexanchiformes,Hexanchidae,,,,,,,Native,Regularly occurring,,,N,N,
Notoscopelus japonicus,,Spiny Lanternfish,,F-NOJA,AFCVH05040,GNR,,SNR,,,,,Not Reviewed,,,,,,,,,,,Vertebrate Animal,ray-finned fishes,,Animalia,Craniata,Actinopterygii,Myctophiformes,Myctophidae,,,,,,,Native,Regularly occurring,,,N,N,
Notropis atherinoides,,Emerald Shiner,,F-NOAT,AFCJB28120,G5,Aug 2015,SU,May 2019,May 2010,,,Unknown,,,,,,,,,4 - Secure(2005),,Vertebrate Animal,ray-finned fishes,,Animalia,Craniata,Actinopterygii,Cypriniformes,Leuciscidae,,,,,,,Native,Regularly occurring,,,N,W,
Notropis hudsonius,,Spottail Shiner,,F-HUHU,AFCJB28550,G5,Aug 2015,S1S2,May 2019,May 2010,,,Red,,,Cassiar Ranges; Clear Hills; Eastern Muskwa Ranges; Eastern Skeena Mountains; Etsho Plateau; Fort Nelson Lowland; Front Ranges; Finlay River Trench; Hart Foothills; Halfway Plateau; Hyland Plateau; Kechika Mountains; Kiskatinaw Plateau; Kechika River Trench; Liard Plain; Maxhamish Upland; Misinchinka Ranges; Muskwa Foothills; Muskwa Upland; Northern Hart Ranges; Northern Omineca Mountains; Northern Park Ranges; Northern Skeena Mountains; Parsnip Trench; Peace Foothills; Peace Lowland; Petitot Plain; Rabbit Plateau; Southern Boreal Plateau; Sikanni Chief Upland; Southern Hart Ranges; Simpson Upland; Stikine Highland; Stikine Plateau; Trout Lake Plain; Tuya Range; Western Muskwa Ranges,,,,,,4 - Secure(2005),,Vertebrate Animal,ray-finned fishes,,Animalia,Craniata,Actinopterygii,Cypriniformes,Leuciscidae,,6- Skeena; 7- Omineca; 9- Peace,Peace River Regional District; Regional District of Fraser-Fort George; Regional District of Kitimat-Stikine; Stikine Region (Unincorporated),NRRM; Tumbler Ridge; Chetwynd; Dawson Creek; Fort St John; Hudson's Hope; Pouce Coupe; Taylor,BWBS,,Native,Regularly occurring,,,N,Y,
Odontopyxis trispinosa,,Pygmy Poacher,,F-ODTR,AFC4F10010,GNR,,SNR,,,,,Not Reviewed,,,,,,,,,,,Vertebrate Animal,ray-finned fishes,,Animalia,Craniata,Actinopterygii,Perciformes,Agonidae,,,,,,,Native,Regularly occurring,,,N,N,
Oligocottus maculosus,,Tidepool Sculpin,,F-OLMA,AFC4E06010,GNR,,SNR,,,,,Not Reviewed,,,,,,,,,,,Vertebrate Animal,ray-finned fishes,,Animalia,Craniata,Actinopterygii,Perciformes,Psychrolutidae,,,,,,,Native,Regularly occurring,,,N,N,
Oligocottus rimensis,,Saddleback Sculpin,,F-OLRI,AFC4E06020,GNR,,SNR,,,,,Not Reviewed,,,,,,,,,,,Vertebrate Animal,ray-finned fishes,,Animalia,Craniata,Actinopterygii,Perciformes,Psychrolutidae,,,,,,,Native,Regularly occurring,,,N,N,
Oligocottus snyderi,,Fluffy Sculpin,,F-OLSN,AFC4E06040,GNR,,SNR,,,,,Not Reviewed,,,,,,,,,,,Vertebrate Animal,ray-finned fishes,,Animalia,Craniata,Actinopterygii,Perciformes,Psychrolutidae,,,,,,,Native,Regularly occurring,,,N,N,
Oncorhynchus clarkii,,Cutthroat Trout,,F-ONCL,AFCHA02080,G5,Dec 2017,S4,Mar 2000,Mar 2000,,,No Status,,,,,,,,ssp. lewisi is SC on SARA schedule 1,4 - Secure(2005),,Vertebrate Animal,ray-finned fishes,,Animalia,Craniata,Actinopterygii,Salmoniformes,Salmonidae,,,,,,,Native,Regularly occurring,,,N,N,
Oncorhynchus clarkii clarkii,,"Cutthroat Trout, clarkii subspecies",,F-ONCL-CL,AFCHA0208A,G4,Nov 1997,S3S4,Jan 2004,Mar 2000,,,Blue,,,Alsek Ranges; Babine Upland; Big Bend Trench; Bulkley Basin; Bulkley Ranges; Cariboo Mountains; Cariboo Plateau; Cassiar Ranges; Central Boundary Ranges; Central Columbia Mountains; Central Chilcotin Ranges; Chilcotin Plateau; Continental Slope; Central Pacific Ranges; Cranberry Upland; Dixon Entrance; Eastern Muskwa Ranges; Eastern Purcell Mountains; Eastern Pacific Ranges; Eastern Skeena Mountains; Fraser River Basin; Fraser Lowland; Finlay River Trench; Georgia Lowland; Hecate Lowland; Hecate Strait; Hozameen Range; Hyland Plateau; Juan de Fuca Strait; Johnstone Strait; Kechika Mountains; Kimsquit Mountains; Kitimat Ranges; Kluane Ranges; Kechika River Trench; Leeward Island Mountains; Liard Plain; Leeward Pacific Ranges; Manson Plateau; Meziadin Mountains; Nass Basin; Nanaimo Lowland; Nass Mountains; Nazko Upland; Northern Boundary Ranges; North Coast Fjords; Nechako Lowland; Nechako Upland; Nicola Basin; Northern Island Mountains; Northern Kootenay Mountains; Northern Okanagan Basin; Northern Okanagan Highland; Northern Omineca Mountains; Northern Pacific Ranges; Northern Shuswap Highland; Northern Skeena Mountains; Northern Thompson Upland; Northwestern Cascade Ranges; Nahwitti Lowland; Okanagan Range; Outer Fjordland; Pavilion Ranges; Parsnip Trench; Queen Charlotte Lowland; Queen Charlotte Ranges; Queen Charlotte Sound; Queen Charlotte Strait; Quesnel Highland; Quesnel Lowland; Rabbit Plateau; Sub-Arctic Pacific; Southern Boreal Plateau; Southern Boundary Ranges; Southern Columbia Mountains; Southern Chilcotin Ranges; Selkirk Foothills; Southern Gulf Islands; Shuswap Basin; Simpson Upland; Skidegate Plateau; Southern Okanogan Basin; Strait of Georgia; Southern Okanogan Highland; Southern Omineca Mountains; Southern Purcell Mountains; Southern Pacific Ranges; Shuswap River Highland; Southern Skeena Mountains; Stikine Highland; Stikine Plateau; Tatshenshini Basin; Tagish Highland; Teslin Basin; Teslin Plateau; Thompson Basin; Tahltan Highland; Transitional Pacific; Tuya Range; Vancouver Island Shelf; Western Chilcotin Ranges; Western Chilcotin Upland; Whitehorse Upland; Windward Island Mountains; Western Okanagan Upland,,,,,,,,Vertebrate Animal,ray-finned fishes,,Animalia,Craniata,Actinopterygii,Salmoniformes,Salmonidae,,1- Vancouver Island; 2- Lower Mainland; 3- Thompson; 4- Kootenay; 5- Cariboo; 6- Skeena; 7- Omineca; 8- Okanagan; 9- Peace,Capital Regional District; Central Coast Regional District; Comox Valley Regional District; Cariboo Regional District; Columbia Shuswap Regional District; Cowichan Valley Regional District; Fraser Valley Regional District; Metro Vancouver Regional District; North Coast Regional District; Peace River Regional District; Regional District of Alberni-Clayoquot; Regional District of Bulkley-Nechako; Regional District of Central Kootenay; Regional District of Central Okanagan; Regional District of East Kootenay; Regional District of Fraser-Fort George; Regional District of Kootenay Boundary; Regional District of Kitimat-Stikine; Regional District of Mount Waddington; Regional District of Nanaimo; Regional District of North Okanagan; Regional District of Okanagan-Similkameen; Sunshine Coast Regional District; Squamish-Lillooet Regional District; Strathcona Regional District; Stikine Region (Unincorporated); Thompson-Nicola Regional District; qathet Regional District,Anmore; Belcarra; Bowen Island; Burnaby; Coquitlam; Delta; Langley - City; Maple Ridge; New Westminster; North Vancouver - City; Pitt Meadows; Port Coquitlam; Port Moody; Richmond; Surrey; Vancouver; West Vancouver; White Rock; Lions Bay; Langley - District; North Vancouver - District; Penticton; Princeton; Summerland; Squamish; Whistler; Pemberton; Chase; Clearwater; Nelson; Slocan; Salmo; Silverton; Creston; Kaslo; New Denver; Nakusp; Castlegar; Revelstoke; Salmon Arm; Sicamous; ; Grand Forks; Greenwood; Midway; Montrose; Rossland; Trail; Warfield; Fruitvale; Armstrong; Coldstream; Enderby; Lumby; Spallumcheen; Vernon; Port Alberni; Tofino; Ucluelet; Central Saanich; Colwood; Esquimalt; Highlands; Langford; Metchosin; North Saanich; Oak Bay; Saanich; Sidney; Sooke; Victoria; View Royal; Cumberland; Comox; Courtenay; Duncan; Ladysmith; Lake Cowichan; North Cowichan; Burns Lake; Alert Bay; Port Alice; Port Hardy; Port McNeill; Parksville; Lantzville; Nanaimo; Qualicum Beach; Powell River; Gibsons; Sechelt; Campbell River; Gold River; Sayward; Tahsis; Zeballos; Fort St James; Kitimat; Hazelton; Fraser Lake; New Hazelton; Stewart; Terrace; NRRM; Granisle; Houston; Daajing Giids; Masset; Port Clements; Port Edward; Prince Rupert; Smithers; Kelowna; Lake Country; Peachland; West Kelowna; Telkwa; Abbotsford; Chilliwack; Harrison Hot Springs; Hope; Kent; Mission,BWBS; CDF; CWH; ICH; SBS,,Native,Regularly occurring,,,N,N,
Oncorhynchus clarkii lewisi,,"Cutthroat Trout, lewisi subspecies",Westslope Cutthroat Trout,F-ONCL-LE,AFCHA02088,G4,May 2013,S2S3,Mar 2018,Apr 2018,SC (Nov 2016),,Blue,Y (Jun 2006),,Big Bend Trench; Bowron Valley; Cariboo Basin; Cariboo Mountains; Cariboo Plateau; Cassiar Ranges; Central Columbia Mountains; Clear Hills; Crown of the Continent; Central Park Ranges; East Kootenay Trench; Elk Valley; Eastern Muskwa Ranges; Eastern Purcell Mountains; Eastern Skeena Mountains; Etsho Plateau; Flathead Valley; Fort Nelson Lowland; Front Ranges; Finlay River Trench; Hart Foothills; Halfway Plateau; Hyland Plateau; Kechika Mountains; Kiskatinaw Plateau; Kechika River Trench; Liard Plain; Maxhamish Upland; McGregor Plateau; McGillivray Range; Misinchinka Ranges; Muskwa Foothills; Muskwa Upland; Northern Hart Ranges; Northern Kootenay Mountains; Northern Okanagan Basin; Northern Okanagan Highland; Northern Omineca Mountains; Northern Park Ranges; Northern Shuswap Highland; Northern Skeena Mountains; Northern Thompson Upland; Parsnip Trench; Peace Foothills; Peace Lowland; Petitot Plain; Quesnel Highland; Quesnel Lowland; Rabbit Plateau; Southern Boreal Plateau; Southern Columbia Mountains; Sikanni Chief Upland; Selkirk Foothills; Shuswap Basin; Southern Hart Ranges; Simpson Upland; Southern Okanogan Basin; Southern Okanogan Highland; Southern Park Ranges; Southern Purcell Mountains; Shuswap River Highland; Stikine Highland; Stikine Plateau; Thompson Basin; Trout Lake Plain; Tranquille Upland; Tuya Range; Upper Columbia Valley; Upper Fraser Trench; Western Muskwa Ranges,,,,1-SC (Feb 2010),,,,Vertebrate Animal,ray-finned fishes,,Animalia,Craniata,Actinopterygii,Salmoniformes,Salmonidae,,3- Thompson; 4- Kootenay; 5- Cariboo; 6- Skeena; 7- Omineca; 8- Okanagan; 9- Peace,Cariboo Regional District; Columbia Shuswap Regional District; Peace River Regional District; Regional District of Central Kootenay; Regional District of Central Okanagan; Regional District of East Kootenay; Regional District of Fraser-Fort George; Regional District of Kootenay Boundary; Regional District of Kitimat-Stikine; Regional District of North Okanagan; Regional District of Okanagan-Similkameen; Stikine Region (Unincorporated); Thompson-Nicola Regional District,Chase; Barriere; Clearwater; Sun Peaks; Nelson; Slocan; Salmo; Silverton; Creston; Kaslo; New Denver; Nakusp; Castlegar; Golden; Revelstoke; Salmon Arm; Sicamous; Canal Flats; Cranbrook; Elkford; Fernie; Invermere; ; Kimberley; Radium Hot Springs; Sparwood; Grand Forks; Greenwood; Midway; Montrose; Rossland; Trail; Warfield; Fruitvale; Coldstream; Spallumcheen; Mackenzie; McBride; Valemount; NRRM; Tumbler Ridge; Chetwynd; Dawson Creek; Fort St John; Hudson's Hope; Pouce Coupe; Taylor; Lake Country,BWBS; ESSF; ICH; IDF; MS; SBS,,Native,Regularly occurring,,,N,W,
Oncorhynchus gorbuscha,,Pink Salmon,,F-ONGO,AFCHA02010,G5,May 2016,SNR,Aug 2019,Aug 2019,,,Not Reviewed,,,,,,,,,4 - Secure(2005),,Vertebrate Animal,ray-finned fishes,,Animalia,Craniata,Actinopterygii,Salmoniformes,Salmonidae,,,,,,,Native,Regularly occurring,,,N,N,
Oncorhynchus keta,,Chum Salmon,,F-ONKE,AFCHA02020,G5,May 2016,SNR,Aug 2019,Aug 2019,,,Not Reviewed,,,,,,,,,4 - Secure(2005),,Vertebrate Animal,ray-finned fishes,,Animalia,Craniata,Actinopterygii,Salmoniformes,Salmonidae,,,,,,,Native,Regularly occurring,,,N,N,
Oncorhynchus kisutch,,Coho Salmon,,F-ONKI,AFCHA02030,G5,Dec 2017,SNR,Sep 2019,Sep 2019,,,Not Reviewed,,,,,,,,,4 - Secure(2005),,Vertebrate Animal,ray-finned fishes,,Animalia,Craniata,Actinopterygii,Salmoniformes,Salmonidae,,,,,,,Native,Regularly occurring,,,N,N,
Oncorhynchus kisutch pop. 7,,Coho Salmon (Interior Fraser Population),,F-ONKI-07,AFCHA02037,G5TNRQ,,SNR,Dec 2016,Dec 2016,T (Nov 2016),,Not Reviewed,,,,,,,,,,,Vertebrate Animal,ray-finned fishes,,Animalia,Craniata,Actinopterygii,Salmoniformes,Salmonidae,,,,,,,Native,Regularly occurring,,,,N,
Oncorhynchus mykiss,,Rainbow Trout/Steelhead,,F-ONMY,AFCHA02090,G5,Jul 2022,S5,Mar 2011,Mar 2000,,,Yellow,,,,,,,,,4 - Secure(2005),,Vertebrate Animal,ray-finned fishes,,Animalia,Craniata,Actinopterygii,Salmoniformes,Salmonidae,,,,,,,Native,Regularly occurring,,,N,N,
Oncorhynchus mykiss - coastal lineage,Oncorhynchus mykiss pop. 39,Rainbow Trout/Steelhead - Coastal Lineage,,F-ONMY-39,AFCHA0213E,G5T3Q,Jun 2009,SNR,Jan 2010,Jan 2010,,,Not Reviewed,,,,,,,,,,,Vertebrate Animal,ray-finned fishes,,Animalia,Craniata,Actinopterygii,Salmoniformes,Salmonidae,,,,,,,Native,Regularly occurring,,,Y,N,
Oncorhynchus mykiss - interior lineage,Oncorhynchus mykiss pop. 38,Rainbow Trout/Steelhead - Interior Lineage,,F-ONMY-38,AFCHA0213D,G5T3Q,Jun 2009,SNR,Jan 2010,Jan 2010,,,Not Reviewed,,,,,,,,,,,Vertebrate Animal,ray-finned fishes,,Animalia,Craniata,Actinopterygii,Salmoniformes,Salmonidae,,,,,,,Native,Regularly occurring,,,Y,N,
Oncorhynchus mykiss - large lake piscivore ecotype,Oncorhynchus mykiss pop. 40,Rainbow Trout - Large Lake Piscivore Ecotype,,F-ONMY-40,AFCHA0213F,G5TNRQ,,S4,Jan 2012,Jan 2012,,,Yellow,,,,,,,,,,,Vertebrate Animal,ray-finned fishes,,Animalia,Craniata,Actinopterygii,Salmoniformes,Salmonidae,,,,,,,Native,Regularly occurring,,,Y,N,
Oncorhynchus mykiss pop. 46,,Steelhead Trout - Thompson River Population,,F-ONMY-46,AFCHA0213M,G5TNRQ,,S1,Apr 2019,May 2019,E (Nov 2020),,Red,,,,,,,,,,,Vertebrate Animal,ray-finned fishes,,Animalia,Craniata,Actinopterygii,Salmoniformes,Salmonidae,,,,,,,Native,Regularly occurring,,,Y,Y,
Oncorhynchus mykiss pop. 47,,Steelhead Trout - Chilcotin River Population,,F-ONMY-47,AFCHA0213N,G5TNRQ,,S1,Apr 2019,May 2019,E (Nov 2020),,Red,,,,,,,,,,,Vertebrate Animal,ray-finned fishes,,Animalia,Craniata,Actinopterygii,Salmoniformes,Salmonidae,,,,,,,Native,Regularly occurring,,,Y,Y,
Oncorhynchus nerka,,Sockeye Salmon,,F-ONNE,AFCHA02040,G5,Jul 2022,SNR,Jul 2019,Jul 2019,,Sakinaw Lake (assessed 2016-04-30) and Cultus Lake (assessed 2003-05-01) Populations are listed as Endangered by COSEWIC.,Not Reviewed,,,,,,,,,4 - Secure(2005),,Vertebrate Animal,ray-finned fishes,,Animalia,Craniata,Actinopterygii,Salmoniformes,Salmonidae,,,,,,,Native,Regularly occurring,,,N,N,
Oncorhynchus nerka pop. 10,,Sockeye Salmon - Bowron-ES Population,Sockeye Salmon DU2: Bowron-ES population,F-ONNE-10,AFCHA0204B,G5TNRQ,,SNR,,,E (Nov 2017),,Not Reviewed,,,,,,,,,,,Vertebrate Animal,ray-finned fishes,,Animalia,Craniata,Actinopterygii,Salmoniformes,Salmonidae,,,,,,,Native,Regularly occurring,,,Y,N,
Oncorhynchus nerka pop. 11,,Sockeye Salmon - Chilliwack-ES Population,Sockeye Salmon DU5: Chilliwack-ES population,F-ONNE-11,AFCHA0204C,G5TNRQ,,SNR,,,NAR (Nov 2017),,Not Reviewed,,,,,,,,,,,Vertebrate Animal,ray-finned fishes,,Animalia,Craniata,Actinopterygii,Salmoniformes,Salmonidae,,,,,,,Native,Regularly occurring,,,Y,N,
Oncorhynchus nerka pop. 12,,Sockeye Salmon - Francois-Fraser-S Population,Sockeye Salmon DU7: Francois-Fraser-S population,F-ONNE-12,AFCHA0204D,G5TNRQ,,SNR,,,SC (Nov 2017),,Not Reviewed,,,,,,,,,,,Vertebrate Animal,ray-finned fishes,,Animalia,Craniata,Actinopterygii,Salmoniformes,Salmonidae,,,,,,,Native,Regularly occurring,,,Y,N,
Oncorhynchus nerka pop. 13,,Sockeye Salmon - Nadina-Francois-ES Population,Sockeye Salmon DU8: Nadina-Francois-ES population,F-ONNE-13,AFCHA0204E,G5TNRQ,,SNR,,,NAR (Nov 2017),,Not Reviewed,,,,,,,,,,,Vertebrate Animal,ray-finned fishes,,Animalia,Craniata,Actinopterygii,Salmoniformes,Salmonidae,,,,,,,Native,Regularly occurring,,,Y,N,
Oncorhynchus nerka pop. 14,,Sockeye Salmon - Harrison (D/S)-L Population,Sockeye Salmon DU9: Harrison (D/S)-L population,F-ONNE-14,AFCHA0204F,G5TNRQ,,SNR,,,SC (Nov 2017),,Not Reviewed,,,,,,,,,,,Vertebrate Animal,ray-finned fishes,,Animalia,Craniata,Actinopterygii,Salmoniformes,Salmonidae,,,,,,,Native,Regularly occurring,,,Y,N,
Oncorhynchus nerka pop. 15,,Sockeye Salmon - Harrison (U/S)-L Population,Sockeye Salmon DU10:Harrison (U/S)-L population,F-ONNE-15,AFCHA0204G,G5TNRQ,,SNR,,,E (Nov 2017),,Not Reviewed,,,,,,,,,,,Vertebrate Animal,ray-finned fishes,,Animalia,Craniata,Actinopterygii,Salmoniformes,Salmonidae,,,,,,,Native,Regularly occurring,,,Y,N,
Oncorhynchus nerka pop. 16,,Sockeye Salmon - Kamloops-ES Population,Sockeye Salmon DU11: Kamloops-ES population,F-ONNE-16,AFCHA0204H,G5TNRQ,,SNR,,,SC (Nov 2017),,Not Reviewed,,,,,,,,,,,Vertebrate Animal,ray-finned fishes,,Animalia,Craniata,Actinopterygii,Salmoniformes,Salmonidae,,,,,,,Native,Regularly occurring,,,Y,N,
Oncorhynchus nerka pop. 17,,Sockeye Salmon - Lillooet-Harrison-L Population,Sockeye Salmon DU12: Lillooet-Harrison-L population,F-ONNE-17,AFCHA0204J,G5TNRQ,,SNR,,,SC (Nov 2017),,Not Reviewed,,,,,,,,,,,Vertebrate Animal,ray-finned fishes,,Animalia,Craniata,Actinopterygii,Salmoniformes,Salmonidae,,,,,,,Native,Regularly occurring,,,Y,N,
Oncorhynchus nerka pop. 18,,Sockeye Salmon - Nahatlatch-ES Population,Sockeye Salmon DU13: Nahatlatch-ES population,F-ONNE-18,AFCHA0204K,G5TNRQ,,SNR,,,SC (Nov 2017),,Not Reviewed,,,,,,,,,,,Vertebrate Animal,ray-finned fishes,,Animalia,Craniata,Actinopterygii,Salmoniformes,Salmonidae,,,,,,,Native,Regularly occurring,,,Y,N,
Oncorhynchus nerka pop. 19,,Sockeye Salmon - North Barriere-ES Population,Sockeye Salmon DU14: North Barriere-ES population,F-ONNE-19,AFCHA0204L,G5TNRQ,,SNR,,,T (Nov 2017),,Not Reviewed,,,,,,,,,,,Vertebrate Animal,ray-finned fishes,,Animalia,Craniata,Actinopterygii,Salmoniformes,Salmonidae,,,,,,,Native,Regularly occurring,,,Y,N,
Oncorhynchus nerka pop. 20,,Sockeye Salmon - Pitt-ES Population,Sockeye Salmon DU15: Pitt-ES population,F-ONNE-20,AFCHA0204M,G5TNRQ,,SNR,,,NAR (Nov 2017),,Not Reviewed,,,,,,,,,,,Vertebrate Animal,ray-finned fishes,,Animalia,Craniata,Actinopterygii,Salmoniformes,Salmonidae,,,,,,,Native,Regularly occurring,,,Y,N,
Oncorhynchus nerka pop. 21,,Sockeye Salmon - Quesnel-S Population,Sockeye Salmon DU16: Quesnel-S population,F-ONNE-21,AFCHA0204N,G5TNRQ,,SNR,,,E (Nov 2017),,Not Reviewed,,,,,,,,,,,Vertebrate Animal,ray-finned fishes,,Animalia,Craniata,Actinopterygii,Salmoniformes,Salmonidae,,,,,,,Native,Regularly occurring,,,Y,N,
Oncorhynchus nerka pop. 22,,Sockeye Salmon - Seton-L Population,Sockeye Salmon DU17: Seton-L population,F-ONNE-22,AFCHA0204P,G5TNRQ,,SNR,,,E (Nov 2017),,Not Reviewed,,,,,,,,,,,Vertebrate Animal,ray-finned fishes,,Animalia,Craniata,Actinopterygii,Salmoniformes,Salmonidae,,,,,,,Native,Regularly occurring,,,Y,N,
Oncorhynchus nerka pop. 23,,Sockeye Salmon - Shuswap Complex-L Population,Sockeye Salmon DU18: Shuswap Complex-L population,F-ONNE-23,AFCHA0204Q,G5TNRQ,,SNR,,,NAR (Nov 2017),,Not Reviewed,,,,,,,,,,,Vertebrate Animal,ray-finned fishes,,Animalia,Craniata,Actinopterygii,Salmoniformes,Salmonidae,,,,,,,Native,Regularly occurring,,,Y,N,
Oncorhynchus nerka pop. 24,,Sockeye Salmon - Shuswap-ES Population,Sockeye Salmon DU19: Shuswap-ES population,F-ONNE-24,AFCHA0204R,G5TNRQ,,SNR,,,NAR (Nov 2017),,Not Reviewed,,,,,,,,,,,Vertebrate Animal,ray-finned fishes,,Animalia,Craniata,Actinopterygii,Salmoniformes,Salmonidae,,,,,,,Native,Regularly occurring,,,Y,N,
Oncorhynchus nerka pop. 25,,Sockeye Salmon - Takla-Trembleur-EStu Population,Sockeye Salmon DU20: Takla-Trembleur-EStu population,F-ONNE-25,AFCHA0204S,G5TNRQ,,SNR,,,E (Nov 2017),,Not Reviewed,,,,,,,,,,,Vertebrate Animal,ray-finned fishes,,Animalia,Craniata,Actinopterygii,Salmoniformes,Salmonidae,,,,,,,Native,Regularly occurring,,,Y,N,
Oncorhynchus nerka pop. 26,,Sockeye Salmon - Takla-Trembleur-Stuart-S Population,Sockeye Salmon DU21: Takla-Trembleur-Stuart-S population,F-ONNE-26,AFCHA0204T,G5TNRQ,,SNR,,,E (Nov 2017),,Not Reviewed,,,,,,,,,,,Vertebrate Animal,ray-finned fishes,,Animalia,Craniata,Actinopterygii,Salmoniformes,Salmonidae,,,,,,,Native,Regularly occurring,,,Y,N,
Oncorhynchus nerka pop. 27,,Sockeye Salmon - Taseko-ES Population,Sockeye Salmon DU22: Taseko-ES population,F-ONNE-27,AFCHA0204U,G5TNRQ,,SNR,,,E (Nov 2017),,Not Reviewed,,,,,,,,,,,Vertebrate Animal,ray-finned fishes,,Animalia,Craniata,Actinopterygii,Salmoniformes,Salmonidae,,,,,,,Native,Regularly occurring,,,Y,N,
Oncorhynchus nerka pop. 28,,Sockeye Salmon - Harrison River (River-Type) Population,Sockeye Salmon DU23: Harrison (River-Type) population,F-ONNE-28,AFCHA0204V,G5TNRQ,,SNR,,,NAR (Nov 2017),,Not Reviewed,,,,,,,,,,,Vertebrate Animal,ray-finned fishes,,Animalia,Craniata,Actinopterygii,Salmoniformes,Salmonidae,,,,,,,Native,Regularly occurring,,,Y,N,
Oncorhynchus nerka pop. 29,,Sockeye Salmon - Widgeon (River-Type) Population,Sockeye Salmon DU24: Widgeon (River-Type) population,F-ONNE-29,AFCHA0204W,G5TNRQ,,SNR,,,T (Nov 2017),,Not Reviewed,,,,,,,,,,,Vertebrate Animal,ray-finned fishes,,Animalia,Craniata,Actinopterygii,Salmoniformes,Salmonidae,,,,,,,Native,Regularly occurring,,,Y,N,
Oncorhynchus nerka pop. 32,,Sockeye Salmon - Alouette-ES Population,Sockeye Salmon DU 196: Alouette-ES population (original),F-ONNE-32,AFCHA02200,G5TNRQ,,SNR,,,SC (Dec 2021),,Not Reviewed,,,,,,,,,,,Vertebrate Animal,ray-finned fishes,,Animalia,Craniata,Actinopterygii,Salmoniformes,Salmonidae,,,,,,,Native,Regularly occurring,,,Y,N,
Oncorhynchus nerka pop. 33,,Sockeye Samon - Coquitlam-ES Population,Sockeye Salmon DU197: Coquitlam-ES Population (original),F-ONNE-33,AFCHA02201,G5TNRQ,,SNR,,,SC (Dec 2021),,Not Reviewed,,,,,,,,,,,Vertebrate Animal,ray-finned fishes,,Animalia,Craniata,Actinopterygii,Salmoniformes,Salmonidae,,,,,,,Native,Regularly occurring,,,Y,N,
Oncorhynchus nerka pop. 34,,Sockeye Salmon - Adams-ES Population,Sockeye Salmon DU198:  Adams-ES population (original),F-ONNE-34,AFCHA02202,G5TNRQ,,SNR,,,X (Dec 2021),,Not Reviewed,,,,,,,,,,,Vertebrate Animal,ray-finned fishes,,Animalia,Craniata,Actinopterygii,Salmoniformes,Salmonidae,,,,,,,Native,Regularly occurring,,,Y,N,
Oncorhynchus nerka pop. 35,,Sockeye Salmon - Momich-ES Population,Sockeye Salmon DU199: Momich-ES (Original),F-ONNE-35,AFCHA02203,G5TNRQ,,SNR,,,E (Dec 2021),,Not Reviewed,,,,,,,,,,,Vertebrate Animal,ray-finned fishes,,Animalia,Craniata,Actinopterygii,Salmoniformes,Salmonidae,,,,,,,Native,Regularly occurring,,,Y,N,
Oncorhynchus nerka pop. 36,,Sockeye Salmon - Fraser-ES Population,Sockeye Salmon DU200: Fraser-ES population (original),F-ONNE-36,AFCHA02204,G5TNRQ,,SNR,,,E (Dec 2021),,Not Reviewed,,,,,,,,,,,Vertebrate Animal,ray-finned fishes,,Animalia,Craniata,Actinopterygii,Salmoniformes,Salmonidae,,,,,,,Native,Regularly occurring,,,Y,N,
Oncorhynchus nerka pop. 37,,Sockeye Salmon - North Barriere-ES Population,Sockeye Salmon DU 201: North Barriere-ES population (original),F-ONNE-37,AFCHA02205,G5TNRQ,,SNR,,,X (Dec 2021),,Not Reviewed,,,,,,,,,,,Vertebrate Animal,ray-finned fishes,,Animalia,Craniata,Actinopterygii,Salmoniformes,Salmonidae,,,,,,,Native,Regularly occurring,,,Y,N,
Oncorhynchus nerka pop. 38,,Sockeye Salmon - Seton-S Population,Sockeye Salmon DU 202: Seton-S population (original),F-ONNE-38,AFCHA02206,G5TNRQ,,SNR,,,X (Dec 2021),,Not Reviewed,,,,,,,,,,,Vertebrate Animal,ray-finned fishes,,Animalia,Craniata,Actinopterygii,Salmoniformes,Salmonidae,,,,,,,Native,Regularly occurring,,,Y,N,
Oncorhynchus nerka pop. 39,,Black Kokanee,,F-ONNE-39,AFCHA02207,G5TNRQ,,SNR,,,,,Not Reviewed,,,,,,,,,,,Vertebrate Animal,ray-finned fishes,,Animalia,Craniata,Actinopterygii,Salmoniformes,Salmonidae,,,,,,,Native,Regularly occurring,,,Y,N,
Oncorhynchus nerka pop. 7,,Sockeye Salmon - Cultus Lake Population,Sockeye Salmon DU6: Cultus-L population,F-ONNE-07,AFCHA02048,G5T1Q,May 2005,SNR,,,E (Nov 2017),,Not Reviewed,,,,,,,,,,,Vertebrate Animal,ray-finned fishes,,Animalia,Craniata,Actinopterygii,Salmoniformes,Salmonidae,,,,,,,Native,Regularly occurring,,,Y,N,
Oncorhynchus nerka pop. 8,,Sockeye Salmon - Sakinaw Lake Population,,F-ONNE-08,AFCHA02049,G5T1Q,May 2005,S1,Jan 2020,Jan 2020,E (Apr 2016),,Red,,,,,,,,,,,Vertebrate Animal,ray-finned fishes,,Animalia,Craniata,Actinopterygii,Salmoniformes,Salmonidae,,,,,,,Native,Regularly occurring,,,Y,Y,
Oncorhynchus nerka pop. 9,,Sockeye Salmon - Anderson-Seton-ES Population,Sockeye Salmon DU1: Anderson-Seton-ES population,F-ONNE-09,AFCHA0204A,G5TNRQ,,SNR,,,NAR (Nov 2017),,Not Reviewed,,,,,,,,,,,Vertebrate Animal,ray-finned fishes,,Animalia,Craniata,Actinopterygii,Salmoniformes,Salmonidae,,,,,,,Native,Regularly occurring,,,Y,N,
Oncorhynchus tshawytscha,,Chinook Salmon,,F-ONTS,AFCHA02050,G5,Dec 2017,SNR,Sep 2019,Sep 2019,Endangered / Threatened / Special Concern / Data Deficient / Not at Risk (Nov 2020),"See COSEWIC website for status of each of the 16 populations.(DW - December 11, 2020).",Not Reviewed,,,,,,,,,4 - Secure(2005),,Vertebrate Animal,ray-finned fishes,,Animalia,Craniata,Actinopterygii,Salmoniformes,Salmonidae,,,,,BAFA; BG; BWBS; CDF; CWH; ESSF; ICH; IDF; MH; MS; PP; SBPS; SBS; SWB,,Native,Regularly occurring,,,N,N,
Oneirodes bulbosus,,Bulbous Dreamer,,F-ONBU,AFCYH02010,GNR,,SNR,,,,,Not Reviewed,,,,,,,,,,,Vertebrate Animal,ray-finned fishes,,Animalia,Craniata,Actinopterygii,Lophiiformes,Oneirodidae,,,,,,,Native,Regularly occurring,,,N,N,
Oneirodes thompsoni,,Alaska Dreamer,,F-ONTH,AFCYH02020,GNR,,SNR,,,,,Not Reviewed,,,,,,,,,,,Vertebrate Animal,ray-finned fishes,,Animalia,Craniata,Actinopterygii,Lophiiformes,Oneirodidae,,,,,,,Native,Regularly occurring,,,N,N,
Ophiodon elongatus,,Lingcod,,F-OPEL,AFC4D02010,G5,Dec 2017,SNR,,,,,Not Reviewed,,,,,,,,,,,Vertebrate Animal,ray-finned fishes,,Animalia,Craniata,Actinopterygii,Perciformes,Hexagrammidae,,,,,,,Native,Regularly occurring,,,N,N,
Opostomias mitsuii,,Pitgum Lanternfish,,F-OPMI,AFC7B07010,GNR,,SNR,,,,,Not Reviewed,,,,,,,,,,,Vertebrate Animal,ray-finned fishes,,Animalia,Craniata,Actinopterygii,Stomiiformes,Stomiidae,,,,,,,Native,Regularly occurring,,,N,N,
Osmerus dentex,,Rainbow Smelt,,F-OSDE,AFCHB02040,GNR,,SU,May 2019,Jan 2003,,,Unknown,,,,,,,,,4 - Secure(2005),,Vertebrate Animal,ray-finned fishes,,Animalia,Craniata,Actinopterygii,Osmeriformes,Osmeridae,,,,,,,Native,Regularly occurring,,,N,N,
Osteodiscus cascadiae,,Bigtail Snailfish,,F-OSCA,AFC4G22010,GNR,,SNR,,,,,Not Reviewed,,,,,,,,,,,Vertebrate Animal,ray-finned fishes,,Animalia,Craniata,Actinopterygii,Perciformes,Liparidae,,,,,,,Native,Regularly occurring,,,N,N,
Oxylebius pictus,,Painted Greenling,,F-OXPI,AFC4D03010,G5,Dec 2017,SNR,,,,,Not Reviewed,,,,,,,,,,,Vertebrate Animal,ray-finned fishes,,Animalia,Craniata,Actinopterygii,Perciformes,Zaniolepididae,,,,,,,Native,Regularly occurring,,,N,N,
Pachycara bulbiceps,,Abyssal Eelpout,,F-PABU,AFCMG03010,GNR,,SNR,,,,,Not Reviewed,,,,,,,,,,,Vertebrate Animal,ray-finned fishes,,Animalia,Craniata,Actinopterygii,Perciformes,Zoarcidae,,,,,,,Native,Regularly occurring,,,N,N,
Pachycara gymninium,,Nakedneck Eelpout,,F-PAGY,AFCMG03020,GNR,,SNR,,,,,Not Reviewed,,,,,,,,,,,Vertebrate Animal,ray-finned fishes,,Animalia,Craniata,Actinopterygii,Perciformes,Zoarcidae,,,,,,,Native,Regularly occurring,,,N,N,
Pachycara lepinium,,Scalyneck Eelpout,,F-PALE,AFCMG03030,GNR,,SNR,,,,,Not Reviewed,,,,,,,,,,,Vertebrate Animal,ray-finned fishes,,Animalia,Craniata,Actinopterygii,Perciformes,Zoarcidae,,,,,,,Native,Regularly occurring,,,N,N,
Pallasina barbata,,Tubenose Poacher,,F-PABA,AFC4F11010,GNR,,SNR,,,,,Not Reviewed,,,,,,,,,,,Vertebrate Animal,ray-finned fishes,,Animalia,Craniata,Actinopterygii,Perciformes,Agonidae,,,,,,,Native,Regularly occurring,,,N,N,
Pantosteus bondi,Catostomus platyrhynchus,Cordilleran Sucker,Mountain Sucker,F-PABO,AFCJC02310,GNR,,S3?,,,T (Dec 2022),,Blue,,,,,,,,,4 - Secure(2005),,Vertebrate Animal,ray-finned fishes,,Animalia,Craniata,Actinopterygii,Cypriniformes,Catostomidae,,,,,BG; CWH; IDF; PP,,Native,Regularly occurring,,,N,Y,
Paraliparis cephalus,,Swellhead Snailfish,,F-PACE,AFC4G15040,GNR,,SNR,,,,,Not Reviewed,,,,,,,,,,,Vertebrate Animal,ray-finned fishes,,Animalia,Craniata,Actinopterygii,Perciformes,Liparidae,,,,,,,Native,Regularly occurring,,,N,N,
Paraliparis deani,,Prickly Snailfish,,F-PADE,AFC4G15010,GNR,,SNR,,,,,Not Reviewed,,,,,,,,,,,Vertebrate Animal,ray-finned fishes,,Animalia,Craniata,Actinopterygii,Perciformes,Liparidae,,,,,,,Native,Regularly occurring,,,N,N,
Paraliparis latifrons,,Bigpored Snailfish,,F-PALA,AFC4G15050,GNR,,SNR,,,,,Not Reviewed,,,,,,,,,,,Vertebrate Animal,ray-finned fishes,,Animalia,Craniata,Actinopterygii,Perciformes,Liparidae,,,,,,,Native,Regularly occurring,,,N,N,
Paraliparis melanobranchus,,Phantom Snailfish,,F-PAME,AFC4G15080,GNR,,SNR,,,,,Not Reviewed,,,,,,,,,,,Vertebrate Animal,ray-finned fishes,,Animalia,Craniata,Actinopterygii,Perciformes,Liparidae,,,,,,,Native,Regularly occurring,,,N,N,
Paraliparis paucidens,,Toothless Snailfish,,F-PAPA,AFC4G15060,GNR,,SNR,,,,,Not Reviewed,,,,,,,,,,,Vertebrate Animal,ray-finned fishes,,Animalia,Craniata,Actinopterygii,Perciformes,Liparidae,,,,,,,Native,Regularly occurring,,,N,N,
Paraliparis rosaceus,,Pink Snailfish,,F-PARO,AFC4G15070,GNR,,SNR,,,,,Not Reviewed,,,,,,,,,,,Vertebrate Animal,ray-finned fishes,,Animalia,Craniata,Actinopterygii,Perciformes,Liparidae,,,,,,,Native,Regularly occurring,,,N,N,
Paricelinus hopliticus,,Thornback Sculpin,,F-PAHO,AFC4E08010,GNR,,SNR,,,,,Not Reviewed,,,,,,,,,,,Vertebrate Animal,ray-finned fishes,,Animalia,Craniata,Actinopterygii,Perciformes,Jordaniidae,,,,,,,Native,Regularly occurring,,,N,N,
Parophrys vetulus,Pleuronectes vetulus,English Sole,,F-PAVE,AFCTB16100,G5,Dec 2017,SNR,,,,,Not Reviewed,,,,,,,,,,,Vertebrate Animal,ray-finned fishes,,Animalia,Craniata,Actinopterygii,Carangiformes,Pleuronectidae,,,,,,,Native,Regularly occurring,,,N,N,
Peprilus simillimus,,Pacific Pompano,,F-PESI,AFCS401030,GNR,,SNR,,,,,Not Reviewed,,,,,,,,,,,Vertebrate Animal,ray-finned fishes,,Animalia,Craniata,Actinopterygii,Scombriformes,Stromateidae,,,,,,,Native,Regularly occurring,,,N,N,
Perca flavescens,,Yellow Perch,,F-PEFL,AFCQC03010,G5,Aug 2015,SU,May 2019,May 2010,,,Unknown,,,,,,,,,4 - Secure(2005),,Vertebrate Animal,ray-finned fishes,,Animalia,Craniata,Actinopterygii,Perciformes,Percidae,,,,,,,Exotic,Regularly occurring,,,N,N,
Percopsis omiscomaycus,,Trout-perch,,F-PEOM,AFCLC01010,G5,Aug 2015,S4S5,Aug 2025,May 2019,,,Yellow,,,,,,,,,4 - Secure(2005),,Vertebrate Animal,ray-finned fishes,,Animalia,Craniata,Actinopterygii,Percopsiformes,Percopsidae,,,,,,,Native,Regularly occurring,,,N,N,
Phanerodon furcatus,,White Seaperch,,F-PHFU,AFCQK09020,GNR,,SNR,,,,,Not Reviewed,,,,,,,,,,,Vertebrate Animal,ray-finned fishes,,Animalia,Craniata,Actinopterygii,Blenniiformes,Embiotocidae,,,,,,,Native,Regularly occurring,,,N,N,
Pholis clemensi,,Longfin Gunnel,,F-PHCL,AFCQR01020,GNR,,SNR,,,,,Not Reviewed,,,,,,,,,,,Vertebrate Animal,ray-finned fishes,,Animalia,Craniata,Actinopterygii,Perciformes,Pholidae,,,,,,,Native,Regularly occurring,,,N,N,
Pholis laeta,,Crescent Gunnel,,F-PHLA,AFCQR01070,G5,Jan 2008,SNR,,,,,Not Reviewed,,,,,,,,,,,Vertebrate Animal,ray-finned fishes,,Animalia,Craniata,Actinopterygii,Perciformes,Pholidae,,,,,,,Native,Regularly occurring,,,N,N,
Pholis ornata,,Saddleback Gunnel,,F-PHOR,AFCQR01010,GNR,,SNR,,,,,Not Reviewed,,,,,,,,,,,Vertebrate Animal,ray-finned fishes,,Animalia,Craniata,Actinopterygii,Perciformes,Pholidae,,,,,,,Native,Regularly occurring,,,N,N,
Pholis schultzi,,Red Gunnel,,F-PHSC,AFCQR01090,GNR,,SNR,,,,,Not Reviewed,,,,,,,,,,,Vertebrate Animal,ray-finned fishes,,Animalia,Craniata,Actinopterygii,Perciformes,Pholidae,,,,,,,Native,Regularly occurring,,,N,N,
Phytichthys chirus,,Ribbon Prickleback,,F-PHCH,AFCSC13010,GNR,,SNR,,,,,Not Reviewed,,,,,,,,,,,Vertebrate Animal,ray-finned fishes,,Animalia,Craniata,Actinopterygii,Perciformes,Stichaeidae,,,,,,,Native,Regularly occurring,,,N,N,
Pimephales promelas,,Fathead Minnow,,F-PIPR,AFCJB32020,G5,Aug 2015,SNA,Jul 2025,,,,Exotic,,,,,,,,,4 - Secure(2005),,Vertebrate Animal,ray-finned fishes,,Animalia,Craniata,Actinopterygii,Cypriniformes,Leuciscidae,,,,,,,Exotic,Regularly occurring,,,N,N,
Platichthys stellatus,,Starry Flounder,,F-PLST,AFCTB01010,G5,Dec 2017,SNR,,,,,Not Reviewed,,,,,,,,,,,Vertebrate Animal,ray-finned fishes,,Animalia,Craniata,Actinopterygii,Carangiformes,Pleuronectidae,,,,,,,Native,Regularly occurring,,,N,N,
Platygobio gracilis,,Flathead Chub,,F-PLGR,AFCJB57010,G5,Aug 2015,S4,May 2019,May 2010,,,Yellow,,,,,,,,,4 - Secure(2005),,Vertebrate Animal,ray-finned fishes,,Animalia,Craniata,Actinopterygii,Cypriniformes,Leuciscidae,,,,,,,Native,Regularly occurring,,,N,N,
Plectobranchus evides,,Bluebarred Prickleback,,F-PLEV,AFCSC15010,GNR,,SNR,,,,,Not Reviewed,,,,,,,,,,,Vertebrate Animal,ray-finned fishes,,Animalia,Craniata,Actinopterygii,Perciformes,Stichaeidae,,,,,,,Native,Regularly occurring,,,N,N,
Pleurogrammus monopterygius,,Atka Mackerel,,F-PLMO,AFC4D04010,GNR,,SNR,,,,,Not Reviewed,,,,,,,,,,,Vertebrate Animal,ray-finned fishes,,Animalia,Craniata,Actinopterygii,Perciformes,Hexagrammidae,,,,,,,Native,Regularly occurring,,,N,N,
Pleuronichthys coenosus,,C-O Sole,,F-PLCO,AFCTB17010,GNR,,SNR,,,,,Not Reviewed,,,,,,,,,,,Vertebrate Animal,ray-finned fishes,,Animalia,Craniata,Actinopterygii,Carangiformes,Pleuronectidae,,,,,,,Native,Regularly occurring,,,N,N,
Pleuronichthys decurrens,,Curlfin Sole,,F-PLDE,AFCTB17020,G5,Dec 2017,SNR,,,,,Not Reviewed,,,,,,,,,,,Vertebrate Animal,ray-finned fishes,,Animalia,Craniata,Actinopterygii,Carangiformes,Pleuronectidae,,,,,,,Native,Regularly occurring,,,N,N,
Podothecus accipenserinus,,Sturgeon Poacher,,F-POAC,AFC4F13010,G5,Dec 2017,SNR,,,,,Not Reviewed,,,,,,,,,,,Vertebrate Animal,ray-finned fishes,,Animalia,Craniata,Actinopterygii,Perciformes,Agonidae,,,,,,,Native,Regularly occurring,,,N,N,
Polyacanthonotus challengeri,,Longnose Tapirfish,,F-POCH,AFCUA02010,GNR,,SNR,,,,,Not Reviewed,,,,,,,,,,,Vertebrate Animal,ray-finned fishes,,Animalia,Craniata,Actinopterygii,Notacanthiformes,Notacanthidae,,,,,,,Native,Regularly occurring,,,N,N,
Pomoxis nigromaculatus,,Black Crappie,,F-PONI,AFCQB13020,G5,Feb 2016,SNA,Jul 2025,Jan 2003,,,Exotic,,,,,,,,,4 - Secure(2005),,Vertebrate Animal,ray-finned fishes,,Animalia,Craniata,Actinopterygii,Centrarchiformes,Centrarchidae,,,,,,,Exotic,Regularly occurring,,,N,N,
Porichthys notatus,,Plainfin Midshipman,,F-PONO,AFCWA02020,G5,Dec 2017,SNR,,,,,Not Reviewed,,,,,,,,,,,Vertebrate Animal,ray-finned fishes,,Animalia,Craniata,Actinopterygii,Batrachoidiformes,Batrachoididae,,,,,,,Native,Regularly occurring,,,N,N,
Poroclinus rothrocki,,Whitebarred Prickleback,,F-PORO,AFCSC16010,GNR,,SNR,,,,,Not Reviewed,,,,,,,,,,,Vertebrate Animal,ray-finned fishes,,Animalia,Craniata,Actinopterygii,Perciformes,Stichaeidae,,,,,,,Native,Regularly occurring,,,N,N,
Poromitra crassiceps,,Crested Ridgehead,,F-POCR,AFC9C02010,GNR,,SNR,,,,,Not Reviewed,,,,,,,,,,,Vertebrate Animal,ray-finned fishes,,Animalia,Craniata,Actinopterygii,Beryciformes,Melamphaidae,,,,,,,Native,Regularly occurring,,,N,N,
Prionace glauca,,Blue Shark,,F-PRGL,AFDDG05010,G5,Dec 2017,SNR,,,NAR (Nov 2016),,Not Reviewed,,,,,,,,,,,Vertebrate Animal,cartilaginous fishes,,Animalia,Craniata,Chondrichthyes,Carcharhiniformes,Carcharhinidae,,,,,,,Native,Regularly occurring,,,N,N,
Prosopium coulterii,,Pygmy Whitefish,,F-PRCO,AFCHA03020,G4,Jul 2024,S4,May 2019,May 2010,NAR (Nov 2016),,Yellow,,,,,,,,,4 - Secure(2005),,Vertebrate Animal,ray-finned fishes,,Animalia,Craniata,Actinopterygii,Salmoniformes,Salmonidae,,,,,,,Native,Regularly occurring,,,N,N,
Prosopium coulterii pop. 1,,Pygmy Whitefish - Southwestern Yukon Beringian Populations,,F-PRCO-01,AFCHA03021,G4TNRQ,,S2S3,May 2019,May 2019,,,Blue,,,,,,,,,,,Vertebrate Animal,ray-finned fishes,,Animalia,Craniata,Actinopterygii,Salmoniformes,Salmonidae,,,,,,,Native,Regularly occurring,,,N,N,
Prosopium coulterii pop. 3,,Pygmy Whitefish - Pacific Populations,,F-PRCO-03,AFCHA03023,G4TNRQ,,S4,May 2019,May 2019,NAR (Nov 2016),,Yellow,,,,,,,,,,,Vertebrate Animal,ray-finned fishes,,Animalia,Craniata,Actinopterygii,Salmoniformes,Salmonidae,,,,,,,Native,Regularly occurring,,,N,N,
Prosopium cylindraceum,,Round Whitefish,,F-PRCY,AFCHA03030,G5,Jun 2015,S4,May 2019,Jan 1992,,,Yellow,,,,,,,,,4 - Secure(2005),,Vertebrate Animal,ray-finned fishes,,Animalia,Craniata,Actinopterygii,Salmoniformes,Salmonidae,,,,,,,Native,Regularly occurring,,,N,N,
Prosopium williamsoni,,Mountain Whitefish,,F-PRWI,AFCHA03060,G5,Sep 2022,S5,Jul 2025,May 2010,,,Yellow,,,,,,,,,4 - Secure(2005),,Vertebrate Animal,ray-finned fishes,,Animalia,Craniata,Actinopterygii,Salmoniformes,Salmonidae,,,,,,,Native,Regularly occurring,,,N,N,
Protomyctophum crockeri,,California Flashlightfish,,F-PRCR,AFCVH06010,GNR,,SNR,,,,,Not Reviewed,,,,,,,,,,,Vertebrate Animal,ray-finned fishes,,Animalia,Craniata,Actinopterygii,Myctophiformes,Myctophidae,,,,,,,Native,Regularly occurring,,,N,N,
Protomyctophum thompsoni,,Bigeye Flashlightfish,,F-PRTH,AFCVH06020,G5,Dec 2017,SNR,,,,,Not Reviewed,,,,,,,,,,,Vertebrate Animal,ray-finned fishes,,Animalia,Craniata,Actinopterygii,Myctophiformes,Myctophidae,,,,,,,Native,Regularly occurring,,,N,N,
Psettichthys melanostictus,,Sand Sole,,F-PSME,AFCTB18010,G5,Dec 2017,SNR,,,,,Not Reviewed,,,,,,,,,,,Vertebrate Animal,ray-finned fishes,,Animalia,Craniata,Actinopterygii,Carangiformes,Pleuronectidae,,,,,,,Native,Regularly occurring,,,N,N,
Pseudobathylagus milleri,,Stout Blacksmelt,,F-PSMI,AFCHF02010,GNR,,SNR,,,,,Not Reviewed,,,,,,,,,,,Vertebrate Animal,ray-finned fishes,,Animalia,Craniata,Actinopterygii,Argentiniformes,Microstomatidae,,,,,,,Native,Regularly occurring,,,N,N,
Pseudopentaceros wheeleri,,North Pacific Pelagic Armorhead,,F-PSWH,AFCRR01020,GNR,,SNR,,,,,Not Reviewed,,,,,,,,,,,Vertebrate Animal,ray-finned fishes,,Animalia,Craniata,Actinopterygii,Acropomatiformes,Pentacerotidae,,,,,,,Native,Regularly occurring,,,N,N,
Psychrolutes paradoxus,,Tadpole Sculpin,,F-PSPA,AFC4E10010,GNR,,SNR,,,,,Not Reviewed,,,,,,,,,,,Vertebrate Animal,ray-finned fishes,,Animalia,Craniata,Actinopterygii,Perciformes,Psychrolutidae,,,,,,,Native,Regularly occurring,,,N,N,
Psychrolutes phrictus,,Blob Sculpin,,F-PSPH,AFC4E10030,GNR,,SNR,,,,,Not Reviewed,,,,,,,,,,,Vertebrate Animal,ray-finned fishes,,Animalia,Craniata,Actinopterygii,Perciformes,Psychrolutidae,,,,,,,Native,Regularly occurring,,,N,N,
Psychrolutes sigalutes,,Soft Sculpin,,F-PSSI,AFC4E10020,GNR,,SNR,,,,,Not Reviewed,,,,,,,,,,,Vertebrate Animal,ray-finned fishes,,Animalia,Craniata,Actinopterygii,Perciformes,Psychrolutidae,,,,,,,Native,Regularly occurring,,,N,N,
Pteroplatytrygon violacea,Dasyatis violacea,Pelagic Stingray,,F-PTVI,AFDFE01060,GNR,,SNR,,,,,Not Reviewed,,,,,,,,,,,Vertebrate Animal,cartilaginous fishes,,Animalia,Craniata,Chondrichthyes,Myliobatiformes,Dasyatidae,,,,,,,Native,Regularly occurring,,,N,N,
Ptilichthys goodei,,Quillfish,,F-PTGO,AFCSE01010,GNR,,SNR,,,,,Not Reviewed,,,,,,,,,,,Vertebrate Animal,ray-finned fishes,,Animalia,Craniata,Actinopterygii,Perciformes,Ptilichthyidae,,,,,,,Native,Regularly occurring,,,N,N,
Ptychocheilus oregonensis,,Northern Pikeminnow,,F-PTOR,AFCJB35030,G5,Feb 2016,S5,Jul 2025,Jan 1992,,,Yellow,,,,,,,,,4 - Secure(2005),,Vertebrate Animal,ray-finned fishes,,Animalia,Craniata,Actinopterygii,Cypriniformes,Leuciscidae,,,,,,,Native,Regularly occurring,,,N,N,
Pungitius pungitius,,Ninespine Stickleback,,F-PUPU,AFCPA04010,G5,Aug 2015,SU,Mar 2018,Feb 2014,,,Unknown,,,,,,,,,4 - Secure(2005),,Vertebrate Animal,ray-finned fishes,,Animalia,Craniata,Actinopterygii,Perciformes,Gasterosteidae,,,,,,,Native,Unknown/Undetermined,,,N,W,
Radulinus asprellus,,Slim Sculpin,,F-RAAS,AFC4E11010,GNR,,SNR,,,,,Not Reviewed,,,,,,,,,,,Vertebrate Animal,ray-finned fishes,,Animalia,Craniata,Actinopterygii,Perciformes,Psychrolutidae,,,,,,,Native,Regularly occurring,,,N,N,
Radulinus boleoides,,Darter Sculpin,,F-RABO,AFC4E11020,GNR,,SNR,,,,,Not Reviewed,,,,,,,,,,,Vertebrate Animal,ray-finned fishes,,Animalia,Craniata,Actinopterygii,Perciformes,Psychrolutidae,,,,,,,Native,Regularly occurring,,,N,N,
Raja binoculata,,Big Skate,,F-BEBI,AFDFD01020,G5,Feb 2017,SNR,,,NAR (Apr 2007),,Not Reviewed,,,,,,,,,,,Vertebrate Animal,cartilaginous fishes,,Animalia,Craniata,Chondrichthyes,Rajiformes,Rajidae,,,,,,,Native,Regularly occurring,,,N,N,
Raja rhina,,Longnose Skate,,F-CARH,AFDFD01120,G5,Apr 2017,SNR,,,NAR (Apr 2007),,Not Reviewed,,,,,,,,,,,Vertebrate Animal,cartilaginous fishes,,Animalia,Craniata,Chondrichthyes,Rajiformes,Rajidae,,,,,,,Native,Regularly occurring,,,N,N,
Reinhardtius hippoglossoides,,Greeenland Halibut,,F-REHI,AFCTB20010,G5,Dec 2017,SNR,,,,,Not Reviewed,,,,,,,,,,,Vertebrate Animal,ray-finned fishes,,Animalia,Craniata,Actinopterygii,Carangiformes,Pleuronectidae,,,,,,,Native,Regularly occurring,,,N,N,
Remora australis,,Whalesucker,,F-REAU,AFCSZ03010,GNR,,SNR,,,,,Not Reviewed,,,,,,,,,,,Vertebrate Animal,ray-finned fishes,,Animalia,Craniata,Actinopterygii,Carangiformes,Echeneidae,,,,,,,Native,Regularly occurring,,,N,N,
Rhacochilus vacca,,Pile Perch,,F-RHVA,AFCQK10020,G5,Dec 2017,SNR,,,,,Not Reviewed,,,,,,,,,,,Vertebrate Animal,ray-finned fishes,,Animalia,Craniata,Actinopterygii,Blenniiformes,Embiotocidae,,,,,,,Native,Regularly occurring,,,N,N,
Rhamphocottus richardsonii,,Grunt Sculpin,,F-RHRI,AFC4E12010,GNR,,SNR,,,,,Not Reviewed,,,,,,,,,,,Vertebrate Animal,ray-finned fishes,,Animalia,Craniata,Actinopterygii,Perciformes,Rhamphocottidae,,,,,,,Native,Regularly occurring,,,N,N,
Rhinichthys cataractae,,Longnose Dace,,F-RHCA,AFCJB37020,G5,Aug 2015,S5,Jul 2025,Jan 1992,,,Yellow,,,,,,,,,4 - Secure(2005),,Vertebrate Animal,ray-finned fishes,,Animalia,Craniata,Actinopterygii,Cypriniformes,Leuciscidae,,,,,,,Native,Regularly occurring,,,N,N,
Rhinichthys cataractae - Chehalis lineage,Rhinichthys sp. 4,Nooksack Dace,,F-RHCA-CH,AFCJB37110,G3,Jan 2025,S1,May 2019,Jan 1992,E (Dec 2018),,Red,,,Central Pacific Ranges; Eastern Pacific Ranges; Fraser Lowland; Georgia Lowland; Hozameen Range; Juan de Fuca Strait; Johnstone Strait; Leeward Pacific Ranges; Nanaimo Lowland; Nicola Basin; Northwestern Cascade Ranges; Okanagan Range; Outer Fjordland; Pavilion Ranges; Southern Chilcotin Ranges; Southern Gulf Islands; Strait of Georgia; Southern Pacific Ranges,,,,1-E (Jun 2003),,1 - At Risk(2000),,Vertebrate Animal,ray-finned fishes,,Animalia,Craniata,Actinopterygii,Cypriniformes,Leuciscidae,,1- Vancouver Island; 2- Lower Mainland; 3- Thompson; 8- Okanagan,Capital Regional District; Comox Valley Regional District; Cowichan Valley Regional District; Fraser Valley Regional District; Metro Vancouver Regional District; Regional District of Nanaimo; Regional District of Okanagan-Similkameen; Sunshine Coast Regional District; Squamish-Lillooet Regional District; Strathcona Regional District; Thompson-Nicola Regional District; qathet Regional District,Anmore; Belcarra; Bowen Island; Burnaby; Coquitlam; Delta; Langley - City; Maple Ridge; New Westminster; North Vancouver - City; Pitt Meadows; Port Coquitlam; Port Moody; Richmond; Surrey; Vancouver; West Vancouver; White Rock; Lions Bay; Langley - District; North Vancouver - District; Princeton; Squamish; Whistler; Pemberton; Central Saanich; Highlands; Langford; North Saanich; Oak Bay; Saanich; Sidney; Comox; Courtenay; Ladysmith; North Cowichan; Parksville; Lantzville; Nanaimo; Qualicum Beach; Powell River; Gibsons; Sechelt; Campbell River; Abbotsford; Chilliwack; Harrison Hot Springs; Hope; Kent; Mission,CWH,,Native,Regularly occurring,,,N,Y,
Rhinichthys falcatus,,Leopard Dace,,F-RHFA,AFCJB37040,G4,Feb 2016,S5?,May 2019,May 2019,NAR (May 1990),,Yellow,,,,,,,,,4 - Secure(2005),,Vertebrate Animal,ray-finned fishes,,Animalia,Craniata,Actinopterygii,Cypriniformes,Leuciscidae,,,,,,,Native,Regularly occurring,,,N,N,
Rhinichthys osculus,,Speckled Dace,,F-RHOS,AFCJB37050,G5,Feb 2025,S3?,May 2019,May 2019,E (Nov 2016),,Blue,,,Cariboo Basin; Central Columbia Mountains; Central Chilcotin Ranges; Chilcotin Plateau; Central Pacific Ranges; Eastern Pacific Ranges; Fraser River Basin; Guichon Upland; Hozameen Range; Leeward Pacific Ranges; Nicola Basin; Northern Okanagan Basin; Northern Okanagan Highland; Northern Thompson Upland; Okanagan Range; Pavilion Ranges; Southern Columbia Mountains; Southern Chilcotin Ranges; Selkirk Foothills; Shuswap Basin; Southern Okanogan Basin; Southern Okanogan Highland; Shuswap River Highland; Thompson Basin; Tranquille Upland; Western Chilcotin Ranges; Western Okanagan Upland,,,,1-E (Mar 2009),,1 - At Risk(2005),,Vertebrate Animal,ray-finned fishes,,Animalia,Craniata,Actinopterygii,Cypriniformes,Leuciscidae,,2- Lower Mainland; 3- Thompson; 4- Kootenay; 5- Cariboo; 8- Okanagan,Cariboo Regional District; Columbia Shuswap Regional District; Fraser Valley Regional District; Regional District of Central Kootenay; Regional District of Central Okanagan; Regional District of Kootenay Boundary; Regional District of Mount Waddington; Regional District of North Okanagan; Regional District of Okanagan-Similkameen; Squamish-Lillooet Regional District; Strathcona Regional District; Thompson-Nicola Regional District,Keremeos; Princeton; Lillooet; Ashcroft; Chase; Kamloops; Logan Lake; Cache Creek; Lytton; Merritt; Salmo; Castlegar; Grand Forks; Greenwood; Midway; Montrose; Rossland; Trail; Warfield; Fruitvale; Coldstream; Lake Country; West Kelowna,IDF; PP,,Native,Regularly occurring,,,N,Y,
Rhinichthys umatilla,,Umatilla Dace,,F-RHUM,AFCJB37120,G3G4,Jan 2025,S2,Mar 2019,Jan 1992,T (Apr 2010),,Red,,,Big Bend Trench; Cariboo Basin; Cariboo Mountains; Cariboo Plateau; Central Columbia Mountains; Central Chilcotin Ranges; Chilcotin Plateau; Central Park Ranges; Central Pacific Ranges; East Kootenay Trench; Elk Valley; Eastern Purcell Mountains; Eastern Pacific Ranges; Fraser River Basin; Guichon Upland; Hozameen Range; Leeward Pacific Ranges; McGillivray Range; Nicola Basin; Northern Kootenay Mountains; Northern Okanagan Basin; Northern Okanagan Highland; Northern Park Ranges; Northern Shuswap Highland; Northern Thompson Upland; Okanagan Range; Pavilion Ranges; Quesnel Highland; Southern Columbia Mountains; Southern Chilcotin Ranges; Selkirk Foothills; Shuswap Basin; Southern Okanogan Basin; Southern Okanogan Highland; Southern Park Ranges; Southern Purcell Mountains; Shuswap River Highland; Thompson Basin; Tranquille Upland; Upper Columbia Valley; Upper Fraser Trench; Western Chilcotin Ranges; Western Okanagan Upland,,,,3- (Mar 2005),,2 - May be at risk(2005),,Vertebrate Animal,ray-finned fishes,,Animalia,Craniata,Actinopterygii,Cypriniformes,Leuciscidae,,2- Lower Mainland; 3- Thompson; 4- Kootenay; 5- Cariboo; 7- Omineca; 8- Okanagan,Cariboo Regional District; Columbia Shuswap Regional District; Fraser Valley Regional District; Regional District of Central Kootenay; Regional District of Central Okanagan; Regional District of East Kootenay; Regional District of Fraser-Fort George; Regional District of Kootenay Boundary; Regional District of Mount Waddington; Regional District of North Okanagan; Regional District of Okanagan-Similkameen; Squamish-Lillooet Regional District; Strathcona Regional District; Thompson-Nicola Regional District,Keremeos; Osoyoos; Penticton; Princeton; Oliver; Summerland; Lillooet; Ashcroft; Chase; Kamloops; Logan Lake; Cache Creek; Clearwater; Lytton; Merritt; Nelson; Slocan; Salmo; Silverton; Creston; Kaslo; New Denver; Nakusp; Castlegar; Golden; Revelstoke; Salmon Arm; Sicamous; Canal Flats; Invermere; ; Kimberley; Radium Hot Springs; Grand Forks; Greenwood; Midway; Montrose; Rossland; Trail; Warfield; Fruitvale; Armstrong; Coldstream; Enderby; Lumby; Spallumcheen; Vernon; Kelowna; Lake Country; Peachland; West Kelowna,BG; ICH; IDF,,Native,Regularly occurring,,,N,Y,
Rhinogobiops nicholsii,,Blackeye Goby,,F-RHNI,AFCQN15060,GNR,,SNR,,,,,Not Reviewed,,,,,,,,,,,Vertebrate Animal,ray-finned fishes,,Animalia,Craniata,Actinopterygii,Gobiiformes,Gobiidae,,,,,,,Native,Regularly occurring,,,N,N,
Rhinoliparis attenuatus,,Slim Snailfish,,F-RHAT,AFC4G23010,GNR,,SNR,,,,,Not Reviewed,,,,,,,,,,,Vertebrate Animal,ray-finned fishes,,Animalia,Craniata,Actinopterygii,Perciformes,Liparidae,,,,,,,Native,Regularly occurring,,,N,N,
Richardsonius balteatus,,Redside Shiner,,F-RIBA,AFCJB39010,G5,Feb 2016,S5,Jul 2025,Jan 1992,,,Yellow,,,,,,,,,4 - Secure(2005),,Vertebrate Animal,ray-finned fishes,,Animalia,Craniata,Actinopterygii,Cypriniformes,Leuciscidae,,,,,,,Native,Regularly occurring,,,N,N,
Rimicola muscarum,,Kelp Clingfish,,F-RIMU,AFCXA03020,GNR,,SNR,,,,,Not Reviewed,,,,,,,,,,,Vertebrate Animal,ray-finned fishes,,Animalia,Craniata,Actinopterygii,Blenniiformes,Gobiesocidae,,,,,,,Native,Regularly occurring,,,N,N,
Ronquilus jordani,,Northern Ronquil,,F-ROJO,AFCRY03010,GNR,,SNR,,,,,Not Reviewed,,,,,,,,,,,Vertebrate Animal,ray-finned fishes,,Animalia,Craniata,Actinopterygii,Perciformes,Bathymasteridae,,,,,,,Native,Regularly occurring,,,N,N,
Ruscarius meanyi,,Puget Sound Sculpin,,F-RUME,AFC4E40020,GNR,,SNR,,,,,Not Reviewed,,,,,,,,,,,Vertebrate Animal,ray-finned fishes,,Animalia,Craniata,Actinopterygii,Perciformes,Psychrolutidae,,,,,,,Native,Regularly occurring,,,N,N,
Sagamichthys abei,,Shining Tubeshoulder,,F-SAAB,AFCHK03010,GNR,,SNR,,,,,Not Reviewed,,,,,,,,,,,Vertebrate Animal,ray-finned fishes,,Animalia,Craniata,Actinopterygii,Alepocephaliformes,Platytroctidae,,,,,,,Native,Regularly occurring,,,N,N,
Salmo salar,,Atlantic Salmon,,F-SASA,AFCHA04060,G5,Aug 2016,SNA,Jul 2025,Jan 2003,,,Exotic,,,,,,,,,4 - Secure,,Vertebrate Animal,ray-finned fishes,,Animalia,Craniata,Actinopterygii,Salmoniformes,Salmonidae,,,,,,,Exotic,Regularly occurring,,,N,N,
Salmo trutta,,Brown Trout,,F-SATR,AFCHA04070,G5,Sep 1996,SNA,Jul 2025,Jan 2003,,,Exotic,,,,,,,,,7 - Exotic(2005),,Vertebrate Animal,ray-finned fishes,,Animalia,Craniata,Actinopterygii,Salmoniformes,Salmonidae,,,,,,,Exotic,Regularly occurring,,,N,N,
Salvelinus confluentus,,Bull Trout,,F-SACO,AFCHA05020,G3,Feb 2025,S3S4,Apr 2018,Jan 2012,SC (Nov 2012),,Blue,Y (Jun 2006),,Alsek Ranges; Babine Upland; Big Bend Trench; Bowron Valley; Bulkley Basin; Bulkley Ranges; Cariboo Basin; Cariboo Mountains; Cariboo Plateau; Cassiar Ranges; Central Boundary Ranges; Central Columbia Mountains; Central Chilcotin Ranges; Chilcotin Plateau; Clear Hills; Continental Slope; Crown of the Continent; Central Park Ranges; Central Pacific Ranges; Cranberry Upland; Dixon Entrance; East Kootenay Trench; Elk Valley; Eastern Muskwa Ranges; Eastern Purcell Mountains; Eastern Pacific Ranges; Eastern Skeena Mountains; Etsho Plateau; Flathead Valley; Fort Nelson Lowland; Fraser River Basin; Fraser Lowland; Front Ranges; Finlay River Trench; Georgia Lowland; Guichon Upland; Hart Foothills; Halfway Plateau; Hecate Lowland; Hecate Strait; Hozameen Range; Hyland Plateau; Juan de Fuca Strait; Johnstone Strait; Kechika Mountains; Kimsquit Mountains; Kiskatinaw Plateau; Kitimat Ranges; Kluane Ranges; Kechika River Trench; Leeward Island Mountains; Liard Plain; Leeward Pacific Ranges; Manson Plateau; Maxhamish Upland; McGregor Plateau; McGillivray Range; Meziadin Mountains; Misinchinka Ranges; Muskwa Foothills; Muskwa Upland; Nass Basin; Nanaimo Lowland; Nass Mountains; Nazko Upland; Northern Boundary Ranges; North Coast Fjords; Nechako Lowland; Nechako Upland; Northern Hart Ranges; Nicola Basin; Northern Island Mountains; Northern Kootenay Mountains; Northern Okanagan Basin; Northern Okanagan Highland; Northern Omineca Mountains; Northern Park Ranges; Northern Pacific Ranges; Northern Shuswap Highland; Northern Skeena Mountains; Northern Thompson Upland; Northwestern Cascade Ranges; Nahwitti Lowland; Okanagan Range; Outer Fjordland; Pavilion Ranges; Parsnip Trench; Peace Foothills; Peace Lowland; Petitot Plain; Queen Charlotte Lowland; Queen Charlotte Ranges; Queen Charlotte Sound; Queen Charlotte Strait; Quesnel Highland; Quesnel Lowland; Rabbit Plateau; Southern Boreal Plateau; Southern Boundary Ranges; Southern Columbia Mountains; Southern Chilcotin Ranges; Sikanni Chief Upland; Selkirk Foothills; Southern Gulf Islands; Shuswap Basin; Southern Hart Ranges; Simpson Upland; Skidegate Plateau; Southern Okanogan Basin; Strait of Georgia; Southern Okanogan Highland; Southern Omineca Mountains; Southern Park Ranges; Southern Purcell Mountains; Southern Pacific Ranges; Shuswap River Highland; Southern Skeena Mountains; Stikine Highland; Stikine Plateau; Tatshenshini Basin; Tagish Highland; Teslin Basin; Teslin Plateau; Thompson Basin; Tahltan Highland; Trout Lake Plain; Tranquille Upland; Tuya Range; Upper Columbia Valley; Upper Fraser Trench; Vancouver Island Shelf; Western Chilcotin Ranges; Western Chilcotin Upland; Whitehorse Upland; Windward Island Mountains; Western Muskwa Ranges; Western Okanagan Upland,,,,,,3 - Sensitive(2005),,Vertebrate Animal,ray-finned fishes,,Animalia,Craniata,Actinopterygii,Salmoniformes,Salmonidae,,1- Vancouver Island; 2- Lower Mainland; 3- Thompson; 4- Kootenay; 5- Cariboo; 6- Skeena; 7- Omineca; 8- Okanagan; 9- Peace,Capital Regional District; Central Coast Regional District; Comox Valley Regional District; Cariboo Regional District; Columbia Shuswap Regional District; Cowichan Valley Regional District; Fraser Valley Regional District; Metro Vancouver Regional District; North Coast Regional District; Peace River Regional District; Regional District of Alberni-Clayoquot; Regional District of Bulkley-Nechako; Regional District of Central Kootenay; Regional District of Central Okanagan; Regional District of East Kootenay; Regional District of Fraser-Fort George; Regional District of Kootenay Boundary; Regional District of Kitimat-Stikine; Regional District of Mount Waddington; Regional District of Nanaimo; Regional District of North Okanagan; Regional District of Okanagan-Similkameen; Sunshine Coast Regional District; Squamish-Lillooet Regional District; Strathcona Regional District; Stikine Region (Unincorporated); Thompson-Nicola Regional District; qathet Regional District,Vanderhoof; Anmore; Belcarra; Bowen Island; Burnaby; Coquitlam; Delta; Langley - City; Maple Ridge; New Westminster; North Vancouver - City; Pitt Meadows; Port Coquitlam; Port Moody; Richmond; Surrey; Vancouver; West Vancouver; White Rock; Lions Bay; Langley - District; North Vancouver - District; Keremeos; Osoyoos; Penticton; Princeton; Oliver; Summerland; Lillooet; Squamish; Whistler; Pemberton; Ashcroft; Chase; Clinton; Kamloops; Logan Lake; Barriere; Cache Creek; Clearwater; Lytton; Merritt; Sun Peaks; Nelson; Slocan; Salmo; Silverton; Creston; Kaslo; New Denver; Nakusp; Castlegar; 100 Mile House; Golden; Revelstoke; Salmon Arm; Sicamous; Quesnel; Canal Flats; Cranbrook; Elkford; Fernie; Wells; Invermere; ; Kimberley; Radium Hot Springs; Sparwood; Williams Lake; Grand Forks; Greenwood; Midway; Montrose; Rossland; Trail; Warfield; Fruitvale; Armstrong; Coldstream; Enderby; Lumby; Spallumcheen; Vernon; Port Alberni; Tofino; Ucluelet; Central Saanich; Colwood; Esquimalt; Highlands; Langford; Metchosin; North Saanich; Oak Bay; Saanich; Sidney; Sooke; Victoria; View Royal; Cumberland; Comox; Courtenay; Duncan; Ladysmith; Lake Cowichan; North Cowichan; Burns Lake; Alert Bay; Port Alice; Port Hardy; Port McNeill; Parksville; Lantzville; Nanaimo; Qualicum Beach; Powell River; Gibsons; Sechelt; Campbell River; Gold River; Sayward; Tahsis; Zeballos; Mackenzie; McBride; Prince George; Valemount; Fort St James; Kitimat; Hazelton; Fraser Lake; New Hazelton; Stewart; Terrace; NRRM; Granisle; Tumbler Ridge; Chetwynd; Dawson Creek; Fort St John; Hudson's Hope; Pouce Coupe; Taylor; Houston; Daajing Giids; Masset; Port Clements; Port Edward; Prince Rupert; Smithers; Kelowna; Lake Country; Peachland; West Kelowna; Telkwa; Abbotsford; Chilliwack; Harrison Hot Springs; Hope; Kent; Mission,BG; BWBS; CWH; ESSF; ICH; IDF; MS; PP; SBPS; SBS; SWB,,Native,Regularly occurring,,,N,W,
Salvelinus confluentus pop. 10,,Bull Trout - Western Arctic Populations,,F-SACO-10,AFCHA05122,G3TNRQ,Dec 2012,S3,Apr 2018,Apr 2018,SC (Nov 2012),,Blue,,,,,,,1-SC (Aug 2019),,,,Vertebrate Animal,ray-finned fishes,,Animalia,Craniata,Actinopterygii,Salmoniformes,Salmonidae,,,,,,,Native,Regularly occurring,,,,Y,
Salvelinus confluentus pop. 12,,Bull Trout - Upper Yukon Watershed Populations,,F-SACO-12,AFCHA05124,G3TNRQ,Dec 2012,SU,Apr 2018,Apr 2018,DD (Nov 2012),,No Status,,,,,,,,,,,Vertebrate Animal,ray-finned fishes,,Animalia,Craniata,Actinopterygii,Salmoniformes,Salmonidae,,,,,,,Native,Regularly occurring,,,,N,
Salvelinus confluentus pop. 26,,Bull Trout - Pacific Populations,,F-SACO-11,AFCHA0502N,G3T3Q,Sep 2015,S3S4,Apr 2018,Apr 2018,NAR (Nov 2012),,Blue,,,,,,,,,,,Vertebrate Animal,ray-finned fishes,,Animalia,Craniata,Actinopterygii,Salmoniformes,Salmonidae,,,,,,,Native,Regularly occurring,,,,,
Salvelinus confluentus pop. 28,Salvelinus confluentus pop. 6,Bull Trout - South Coast Population,,F-SACO-06,AFCHA0502Q,G3T3Q,Sep 2015,S2S3,Apr 2018,Apr 2018,SC (Nov 2012),,Blue,,,Central Chilcotin Ranges; Central Pacific Ranges; Eastern Pacific Ranges; Fraser Lowland; Georgia Lowland; Hecate Lowland; Hozameen Range; Juan de Fuca Strait; Johnstone Strait; Leeward Island Mountains; Leeward Pacific Ranges; Nanaimo Lowland; North Coast Fjords; Nicola Basin; Northern Island Mountains; Northern Pacific Ranges; Northwestern Cascade Ranges; Nahwitti Lowland; Okanagan Range; Outer Fjordland; Pavilion Ranges; Queen Charlotte Strait; Southern Chilcotin Ranges; Southern Gulf Islands; Strait of Georgia; Southern Pacific Ranges; Western Chilcotin Ranges,,,,1-SC (Aug 2019),,,,Vertebrate Animal,ray-finned fishes,,Animalia,Craniata,Actinopterygii,Salmoniformes,Salmonidae,,1- Vancouver Island; 2- Lower Mainland; 3- Thompson; 5- Cariboo; 8- Okanagan,Capital Regional District; Central Coast Regional District; Comox Valley Regional District; Cariboo Regional District; Cowichan Valley Regional District; Fraser Valley Regional District; Metro Vancouver Regional District; Regional District of Mount Waddington; Regional District of Nanaimo; Regional District of Okanagan-Similkameen; Sunshine Coast Regional District; Squamish-Lillooet Regional District; Strathcona Regional District; Thompson-Nicola Regional District; qathet Regional District,Anmore; Belcarra; Bowen Island; Burnaby; Coquitlam; Delta; Langley - City; Maple Ridge; New Westminster; North Vancouver - City; Pitt Meadows; Port Coquitlam; Port Moody; Richmond; Surrey; Vancouver; West Vancouver; White Rock; Lions Bay; Langley - District; North Vancouver - District; Princeton; Lillooet; Squamish; Whistler; Pemberton; Central Saanich; Highlands; Langford; North Saanich; Oak Bay; Saanich; Sidney; Comox; Courtenay; Ladysmith; North Cowichan; Parksville; Lantzville; Nanaimo; Qualicum Beach; Powell River; Gibsons; Sechelt; Campbell River; Sayward; Abbotsford; Chilliwack; Harrison Hot Springs; Hope; Kent; Mission,CDF; CWH; MH,,Native,Regularly occurring,,,Y,Y,
Salvelinus fontinalis,,Brook Trout,,F-SAFO,AFCHA05030,G5,Aug 2015,SNA,Jul 2025,Jan 2003,,,Exotic,,,,,,,,,4 - Secure(2005),,Vertebrate Animal,ray-finned fishes,,Animalia,Craniata,Actinopterygii,Salmoniformes,Salmonidae,,,,,,,Exotic,Regularly occurring,,,N,N,
Salvelinus malma,,Dolly Varden,,F-SAMA,AFCHA05040,G5,Dec 2017,S4,Jan 2012,Jan 2012,,,Yellow,,,,,,,,,4 - Secure(2005),,Vertebrate Animal,ray-finned fishes,,Animalia,Craniata,Actinopterygii,Salmoniformes,Salmonidae,,,,,,,Native,Regularly occurring,,,N,N,
Salvelinus malma - northern lineage,Salvelinus malma pop. 2,Dolly Varden - Northern Lineage,,F-SAMA-02,AFCHA05042,G5T4T5Q,Aug 2011,S4S5,Jan 2012,Jan 2012,,,Yellow,,,,,,,,,,,Vertebrate Animal,ray-finned fishes,,Animalia,Craniata,Actinopterygii,Salmoniformes,Salmonidae,,,,,,,Native,Regularly occurring,,,Y,N,
Salvelinus malma - southern lineage,Salvelinus malma pop. 1,Dolly Varden - Southern Lineage,,F-SAMA-01,AFCHA05041,G5TNRQ,,S4,Jan 2012,Jan 2012,,,Yellow,,,,,,,,,,,Vertebrate Animal,ray-finned fishes,,Animalia,Craniata,Actinopterygii,Salmoniformes,Salmonidae,,,,,,,Native,Regularly occurring,,,Y,N,
Salvelinus namaycush,,Lake Trout,,F-SANA,AFCHA05050,G5,Aug 2015,S4,May 2019,Nov 2000,,,Yellow,,,,,,,,,4 - Secure(2005),,Vertebrate Animal,ray-finned fishes,,Animalia,Craniata,Actinopterygii,Salmoniformes,Salmonidae,,,,,,,Native,Regularly occurring,,,N,N,
Sander vitreus,Stizostedion vitreum,Walleye,,F-SAVI,AFCQC05020,G5,Aug 2015,S4S5,Jul 2025,Jan 2012,,,Yellow,,,,,,,,,4 - Secure(2005),,Vertebrate Animal,ray-finned fishes,,Animalia,Craniata,Actinopterygii,Perciformes,Percidae,,,,,,,Native,Regularly occurring,,,N,N,
Sarda chiliensis,,Pacific Bonito,,F-SACH,AFCS306010,GNR,,SNR,,,,,Not Reviewed,,,,,,,,,,,Vertebrate Animal,ray-finned fishes,,Animalia,Craniata,Actinopterygii,Scombriformes,Scombridae,,,,,,,Native,Regularly occurring,,,N,N,
Sardinops sagax,,Pacific Sardine,,F-SASG,AFCFA10010,GNR,,SNR,,,NAR (May 2002),,Not Reviewed,,,,,,,3-,,,,Vertebrate Animal,ray-finned fishes,,Animalia,Craniata,Actinopterygii,Clupeiformes,Alosidae,,,,,,,Native,Regularly occurring,,,N,N,
Scomber japonicus,,Pacific Chub Mackerel,,F-SCJA,AFCS307010,G5,Dec 2017,SNR,,,,,Not Reviewed,,,,,,,,,,,Vertebrate Animal,ray-finned fishes,,Animalia,Craniata,Actinopterygii,Scombriformes,Scombridae,,,,,,,Native,Regularly occurring,,,N,N,
Scopelogadus mizolepis,,Flabby Ridgehead,,F-SCMI,AFC9C03010,GNR,,SNR,,,,,Not Reviewed,,,,,,,,,,,Vertebrate Animal,ray-finned fishes,,Animalia,Craniata,Actinopterygii,Beryciformes,Melamphaidae,,,,,,,Native,Regularly occurring,,,N,N,
Scopelosaurus harryi,,Scaly Waryfish,,F-SCHA,AFC8H01010,GNR,,SNR,,,,,Not Reviewed,,,,,,,,,,,Vertebrate Animal,ray-finned fishes,,Animalia,Craniata,Actinopterygii,Aulopiformes,Notosudidae,,,,,,,Native,Regularly occurring,,,N,N,
Scorpaenichthys marmoratus,,Cabezon,,F-SCMA,AFC4E13010,GNR,,SNR,,,,,Not Reviewed,,,,,,,,,,,Vertebrate Animal,ray-finned fishes,,Animalia,Craniata,Actinopterygii,Perciformes,Scorpaenichthyidae,,,,,,,Native,Regularly occurring,,,N,N,
Scytalina cerdale,,Graveldiver,,F-SCCE,AFCSG01010,GNR,,SNR,,,,,Not Reviewed,,,,,,,,,,,Vertebrate Animal,ray-finned fishes,,Animalia,Craniata,Actinopterygii,Perciformes,Scytalinidae,,,,,,,Native,Regularly occurring,,,N,N,
Sebastes aleutianus,,Rougheye Rockfish,,F-SEAL,AFC4A06010,GNR,,SNR,,,SC (Apr 2007),,Not Reviewed,,,,,,,1-SC (Mar 2009),Type 1 and Type 2,,,Vertebrate Animal,ray-finned fishes,,Animalia,Craniata,Actinopterygii,Perciformes,Scorpaenidae,,,,,,,Native,Regularly occurring,,,N,N,
Sebastes alutus,,Pacific Ocean Perch,,F-SEAT,AFC4A06020,GNR,,SNR,,,,,Not Reviewed,,,,,,,,,,,Vertebrate Animal,ray-finned fishes,,Animalia,Craniata,Actinopterygii,Perciformes,Scorpaenidae,,,,,,,Native,Regularly occurring,,,N,N,
Sebastes auriculatus,,Brown Rockfish,,F-SEAU,AFC4A06040,GNR,,SNR,,,,,Not Reviewed,,,,,,,,,,,Vertebrate Animal,ray-finned fishes,,Animalia,Craniata,Actinopterygii,Perciformes,Scorpaenidae,,,,,,,Native,Regularly occurring,,,N,N,
Sebastes aurora,,Aurora Rockfish,,F-SEAR,AFC4A06050,GNR,,SNR,,,,,Not Reviewed,,,,,,,,,,,Vertebrate Animal,ray-finned fishes,,Animalia,Craniata,Actinopterygii,Perciformes,Scorpaenidae,,,,,,,Native,Regularly occurring,,,N,N,
Sebastes babcocki,,Redbanded Rockfish,,F-SEBA,AFC4A06060,GNR,,SNR,,,,,Not Reviewed,,,,,,,,,,,Vertebrate Animal,ray-finned fishes,,Animalia,Craniata,Actinopterygii,Perciformes,Scorpaenidae,,,,,,,Native,Regularly occurring,,,N,N,
Sebastes borealis,,Shortraker Rockfish,,F-SEBO,AFC4A06070,GNR,,SNR,,,,,Not Reviewed,,,,,,,,,,,Vertebrate Animal,ray-finned fishes,,Animalia,Craniata,Actinopterygii,Perciformes,Scorpaenidae,,,,,,,Native,Regularly occurring,,,N,N,
Sebastes brevispinis,,Silvergray Rockfish,,F-SEBR,AFC4A06080,GNR,,SNR,,,,,Not Reviewed,,,,,,,,,,,Vertebrate Animal,ray-finned fishes,,Animalia,Craniata,Actinopterygii,Perciformes,Scorpaenidae,,,,,,,Native,Regularly occurring,,,N,N,
Sebastes caurinus,,Copper Rockfish,,F-SECA,AFC4A06100,GNR,,SNR,,,,,Not Reviewed,,,,,,,,,,,Vertebrate Animal,ray-finned fishes,,Animalia,Craniata,Actinopterygii,Perciformes,Scorpaenidae,,,,,,,Native,Regularly occurring,,,N,N,
Sebastes chlorostictus,,Greenspotted Rockfish,,F-SECH,AFC4A06110,GNR,,SNR,,,,,Not Reviewed,,,,,,,,,,,Vertebrate Animal,ray-finned fishes,,Animalia,Craniata,Actinopterygii,Perciformes,Scorpaenidae,,,,,,,Native,Regularly occurring,,,N,N,
Sebastes ciliatus,,Dark Rockfish,,F-SECI,AFC4A06130,GNR,,SNR,,,,,Not Reviewed,,,,,,,,,,,Vertebrate Animal,ray-finned fishes,,Animalia,Craniata,Actinopterygii,Perciformes,Scorpaenidae,,,,,,,Native,Regularly occurring,,,N,N,
Sebastes crameri,,Darkblotched Rockfish,,F-SECR,AFC4A06150,GNR,,SNR,,,SC (Nov 2009),,Not Reviewed,,,,,,,,,,,Vertebrate Animal,ray-finned fishes,,Animalia,Craniata,Actinopterygii,Perciformes,Scorpaenidae,,,,,,,Native,Regularly occurring,,,N,N,
Sebastes diaconus,Sebastes mystinus,Deacon Rockfish,Blue Rockfish,F-SEMY,AFC4A06720,GNR,,SNR,,,,,Not Reviewed,,,,,,,,,,,Vertebrate Animal,ray-finned fishes,,Animalia,Craniata,Actinopterygii,Perciformes,Scorpaenidae,,,,,,,Native,Regularly occurring,,,N,N,
Sebastes diploproa,,Splitnose Rockfish,,F-SEDI,AFC4A06170,G5,Dec 2017,SNR,,,,,Not Reviewed,,,,,,,,,,,Vertebrate Animal,ray-finned fishes,,Animalia,Craniata,Actinopterygii,Perciformes,Scorpaenidae,,,,,,,Native,Regularly occurring,,,N,N,
Sebastes elongatus,,Greenstriped Rockfish,,F-SEEL,AFC4A06180,G5,Dec 2017,SNR,,,,,Not Reviewed,,,,,,,,,,,Vertebrate Animal,ray-finned fishes,,Animalia,Craniata,Actinopterygii,Perciformes,Scorpaenidae,,,,,,,Native,Regularly occurring,,,N,N,
Sebastes emphaeus,,Puget Sound Rockfish,,F-SEEM,AFC4A06190,GNR,,SNR,,,,,Not Reviewed,,,,,,,,,,,Vertebrate Animal,ray-finned fishes,,Animalia,Craniata,Actinopterygii,Perciformes,Scorpaenidae,,,,,,,Native,Regularly occurring,,,N,N,
Sebastes entomelas,,Widow Rockfish,,F-SEEN,AFC4A06210,GNR,,SNR,,,,,Not Reviewed,,,,,,,,,,,Vertebrate Animal,ray-finned fishes,,Animalia,Craniata,Actinopterygii,Perciformes,Scorpaenidae,,,,,,,Native,Regularly occurring,,,N,N,
Sebastes flavidus,,Yellowtail Rockfish,,F-SEFL,AFC4A06240,GNR,,SNR,,,,,Not Reviewed,,,,,,,,,,,Vertebrate Animal,ray-finned fishes,,Animalia,Craniata,Actinopterygii,Perciformes,Scorpaenidae,,,,,,,Native,Regularly occurring,,,N,N,
Sebastes goodei,,Chilipepper,,F-SEGO,AFC4A06260,GNR,,SNR,,,,,Not Reviewed,,,,,,,,,,,Vertebrate Animal,ray-finned fishes,,Animalia,Craniata,Actinopterygii,Perciformes,Scorpaenidae,,,,,,,Native,Regularly occurring,,,N,N,
Sebastes helvomaculatus,,Rosethorn Rockfish,,F-SEHE,AFC4A06270,GNR,,SNR,,,,,Not Reviewed,,,,,,,,,,,Vertebrate Animal,ray-finned fishes,,Animalia,Craniata,Actinopterygii,Perciformes,Scorpaenidae,,,,,,,Native,Regularly occurring,,,N,N,
Sebastes jordani,,Shortbelly Rockfish,,F-SEJO,AFC4A06290,GNR,,SNR,,,,,Not Reviewed,,,,,,,,,,,Vertebrate Animal,ray-finned fishes,,Animalia,Craniata,Actinopterygii,Perciformes,Scorpaenidae,,,,,,,Native,Regularly occurring,,,N,N,
Sebastes maliger,,Quillback Rockfish,,F-SEMA,AFC4A06330,GNR,,SNR,,,T (Nov 2009),,Not Reviewed,,,,,,,,,,,Vertebrate Animal,ray-finned fishes,,Animalia,Craniata,Actinopterygii,Perciformes,Scorpaenidae,,,,,,,Native,Regularly occurring,,,N,N,
Sebastes melanops,,Black Rockfish,,F-SEME,AFC4A06350,GNR,,SNR,,,,,Not Reviewed,,,,,,,,,,,Vertebrate Animal,ray-finned fishes,,Animalia,Craniata,Actinopterygii,Perciformes,Scorpaenidae,,,,,,,Native,Regularly occurring,,,N,N,
Sebastes melanostomus,,Blackgill Rockfish,,F-SEML,AFC4A06370,GNR,,SNR,,,,,Not Reviewed,,,,,,,,,,,Vertebrate Animal,ray-finned fishes,,Animalia,Craniata,Actinopterygii,Perciformes,Scorpaenidae,,,,,,,Native,Regularly occurring,,,N,N,
Sebastes miniatus,,Vermilion Rockfish,,F-SEMI,AFC4A06390,GNR,,SNR,,,,,Not Reviewed,,,,,,,,,,,Vertebrate Animal,ray-finned fishes,,Animalia,Craniata,Actinopterygii,Perciformes,Scorpaenidae,,,,,,,Native,Regularly occurring,,,N,N,
Sebastes nebulosus,,China Rockfish,,F-SENE,AFC4A06410,GNR,,SNR,,,,,Not Reviewed,,,,,,,,,,,Vertebrate Animal,ray-finned fishes,,Animalia,Craniata,Actinopterygii,Perciformes,Scorpaenidae,,,,,,,Native,Regularly occurring,,,N,N,
Sebastes nigrocinctus,,Tiger Rockfish,,F-SENI,AFC4A06420,GNR,,SNR,,,,,Not Reviewed,,,,,,,,,,,Vertebrate Animal,ray-finned fishes,,Animalia,Craniata,Actinopterygii,Perciformes,Scorpaenidae,,,,,,,Native,Regularly occurring,,,N,N,
Sebastes paucispinis,,Bocaccio,,F-SEPA,AFC4A06440,G4,Feb 2025,SNR,Dec 2002,Dec 2002,E (Nov 2013),,Not Reviewed,,,,,,,,,,,Vertebrate Animal,ray-finned fishes,,Animalia,Craniata,Actinopterygii,Perciformes,Scorpaenidae,,,,,,,Native,Regularly occurring,,,N,N,
Sebastes pinniger,,Canary Rockfish,,F-SEPI,AFC4A06460,GNR,,SNR,,,T (Nov 2007),,Not Reviewed,,,,,,,,,,,Vertebrate Animal,ray-finned fishes,,Animalia,Craniata,Actinopterygii,Perciformes,Scorpaenidae,,,,,,,Native,Regularly occurring,,,N,N,
Sebastes polyspinis,,Northern Rockfish,,F-SEPL,AFC4A06470,GNR,,SNR,,,,,Not Reviewed,,,,,,,,,,,Vertebrate Animal,ray-finned fishes,,Animalia,Craniata,Actinopterygii,Perciformes,Scorpaenidae,,,,,,,Native,Regularly occurring,,,N,N,
Sebastes proriger,,Redstripe Rockfish,,F-SEPR,AFC4A06480,G5,Dec 2017,SNR,,,,,Not Reviewed,,,,,,,,,,,Vertebrate Animal,ray-finned fishes,,Animalia,Craniata,Actinopterygii,Perciformes,Scorpaenidae,,,,,,,Native,Regularly occurring,,,N,N,
Sebastes reedi,,Yellowmouth Rockfish,,F-SERE,AFC4A06500,GNR,,SNR,,,T (Apr 2010),,Not Reviewed,,,,,,,,,,,Vertebrate Animal,ray-finned fishes,,Animalia,Craniata,Actinopterygii,Perciformes,Scorpaenidae,,,,,,,Native,Regularly occurring,,,N,N,
Sebastes ruberrimus,,Yelloweye Rockfish,,F-SERU,AFC4A06530,GNR,,SNR,,,T (Nov 2020),Pacific Ocean outside waters and inside waters populations.,Not Reviewed,,,,,,,1-SC,,,,Vertebrate Animal,ray-finned fishes,,Animalia,Craniata,Actinopterygii,Perciformes,Scorpaenidae,,,,,,,Native,Regularly occurring,,,N,N,
Sebastes rufus,,Bank Rockfish,,F-SERF,AFC4A06560,GNR,,SNR,,,,,Not Reviewed,,,,,,,,,,,Vertebrate Animal,ray-finned fishes,,Animalia,Craniata,Actinopterygii,Perciformes,Scorpaenidae,,,,,,,Native,Regularly occurring,,,N,N,
Sebastes saxicola,,Stripetail Rockfish,,F-SESA,AFC4A06570,GNR,,SNR,,,,,Not Reviewed,,,,,,,,,,,Vertebrate Animal,ray-finned fishes,,Animalia,Craniata,Actinopterygii,Perciformes,Scorpaenidae,,,,,,,Native,Regularly occurring,,,N,N,
Sebastes variabilis,,Dusky Rockfish,,F-SEVR,AFC4A06700,GNR,,SNR,,,,,Not Reviewed,,,,,,,,,,,Vertebrate Animal,ray-finned fishes,,Animalia,Craniata,Actinopterygii,Perciformes,Scorpaenidae,,,,,,,Native,Regularly occurring,,,N,N,
Sebastes variegatus,,Harlequin Rockfish,,F-SEVA,AFC4A06630,GNR,,SNR,,,,,Not Reviewed,,,,,,,,,,,Vertebrate Animal,ray-finned fishes,,Animalia,Craniata,Actinopterygii,Perciformes,Scorpaenidae,,,,,,,Native,Regularly occurring,,,N,N,
Sebastes wilsoni,,Pygmy Rockfish,,F-SEWI,AFC4A06640,GNR,,SNR,,,,,Not Reviewed,,,,,,,,,,,Vertebrate Animal,ray-finned fishes,,Animalia,Craniata,Actinopterygii,Perciformes,Scorpaenidae,,,,,,,Native,Regularly occurring,,,N,N,
Sebastes zacentrus,,Sharpchin Rockfish,,F-SEZA,AFC4A06650,GNR,,SNR,,,,,Not Reviewed,,,,,,,,,,,Vertebrate Animal,ray-finned fishes,,Animalia,Craniata,Actinopterygii,Perciformes,Scorpaenidae,,,,,,,Native,Regularly occurring,,,N,N,
Sebastolobus alascanus,,Shortspine Thornyhead,,F-SEAS,AFC4A07010,GNR,,SNR,,,,,Not Reviewed,,,,,,,,,,,Vertebrate Animal,ray-finned fishes,,Animalia,Craniata,Actinopterygii,Perciformes,Scorpaenidae,,,,,,,Native,Regularly occurring,,,N,N,
Sebastolobus altivelis,,Longspine Thornyhead,,F-SEAI,AFC4A07020,GNR,,SNR,,,SC (Apr 2007),,Not Reviewed,,,,,,,1-SC (Mar 2009),,,,Vertebrate Animal,ray-finned fishes,,Animalia,Craniata,Actinopterygii,Perciformes,Scorpaenidae,,,,,,,Native,Regularly occurring,,,N,N,
Seriola dorsalis,Seriola lalandi,Yellowtail,,F-SEDO,AFCQZ11041,GNR,,SNR,,,,,Not Reviewed,,,,,,,,,,,Vertebrate Animal,ray-finned fishes,,Animalia,Craniata,Actinopterygii,Carangiformes,Carangidae,,,,,,,Native,Regularly occurring,,,N,N,
Seriphus politus,,Queenfish,,F-SEPO,AFCQH16010,GNR,,SNR,,,,,Not Reviewed,,,,,,,,,,,Vertebrate Animal,ray-finned fishes,,Animalia,Craniata,Actinopterygii,Perciformes,Sciaenidae,,,,,,,Native,Regularly occurring,,,N,N,
Serrivomer jesperseni,,Crossthroat Sawpalate,,F-SEJE,AFCEK01010,GNR,,SNR,,,,,Not Reviewed,,,,,,,,,,,Vertebrate Animal,ray-finned fishes,,Animalia,Craniata,Actinopterygii,Anguilliformes,Serrivomeridae,,,,,,,Native,Regularly occurring,,,N,N,
Somniosus pacificus,,Pacific Sleeper Shark,,F-SOPA,AFDEA06020,GNR,,SNR,,,,,Not Reviewed,,,,,,,,,,,Vertebrate Animal,cartilaginous fishes,,Animalia,Craniata,Chondrichthyes,Squaliformes,Somniosidae,,,,,,,Native,Regularly occurring,,,N,N,
Spectrunculus grandis,,Giant Cusk-eel,,F-SPGR,AFCMD08010,GNR,,SNR,,,,,Not Reviewed,,,,,,,,,,,Vertebrate Animal,ray-finned fishes,,Animalia,Craniata,Actinopterygii,Ophidiiformes,Ophidiidae,,,,,,,Native,Regularly occurring,,,N,N,
Sphyraena argentea,,Pacific Barracuda,,F-SPAR,AFCQV01010,GNR,,SNR,,,,,Not Reviewed,,,,,,,,,,,Vertebrate Animal,ray-finned fishes,,Animalia,Craniata,Actinopterygii,Carangiformes,Sphyraenidae,,,,,,,Native,Regularly occurring,,,N,N,
Spirinchus sp. 1,,Pygmy Longfin Smelt,,F-SPTH-01,AFCHB03030,G5T2Q,Oct 2019,S2,May 2019,May 2019,DD (Nov 2004),,Red,,,Central Pacific Ranges; Eastern Pacific Ranges; Fraser Lowland; Georgia Lowland; Hozameen Range; Juan de Fuca Strait; Johnstone Strait; Leeward Pacific Ranges; Nanaimo Lowland; Nicola Basin; Northwestern Cascade Ranges; Okanagan Range; Outer Fjordland; Pavilion Ranges; Southern Chilcotin Ranges; Southern Gulf Islands; Strait of Georgia; Southern Pacific Ranges,,,,,,5 - Undetermined(2000),,Vertebrate Animal,ray-finned fishes,,Animalia,Craniata,Actinopterygii,Osmeriformes,Osmeridae,,1- Vancouver Island; 2- Lower Mainland; 3- Thompson; 8- Okanagan,Capital Regional District; Comox Valley Regional District; Cowichan Valley Regional District; Fraser Valley Regional District; Metro Vancouver Regional District; Regional District of Nanaimo; Regional District of Okanagan-Similkameen; Sunshine Coast Regional District; Squamish-Lillooet Regional District; Strathcona Regional District; Thompson-Nicola Regional District; qathet Regional District,Anmore; Belcarra; Bowen Island; Burnaby; Coquitlam; Delta; Langley - City; Maple Ridge; New Westminster; North Vancouver - City; Pitt Meadows; Port Coquitlam; Port Moody; Richmond; Surrey; Vancouver; West Vancouver; White Rock; Lions Bay; Langley - District; North Vancouver - District; Princeton; Squamish; Whistler; Pemberton; Central Saanich; Highlands; Langford; North Saanich; Oak Bay; Saanich; Sidney; Comox; Courtenay; Ladysmith; North Cowichan; Parksville; Lantzville; Nanaimo; Qualicum Beach; Powell River; Gibsons; Sechelt; Campbell River; Abbotsford; Chilliwack; Harrison Hot Springs; Hope; Kent; Mission,CWH,,Native,Regularly occurring,,,Y,Y,
Spirinchus starksi,,Night Smelt,,F-SPST,AFCHB03020,GNR,,SNR,,,,,Not Reviewed,,,,,,,,,,,Vertebrate Animal,ray-finned fishes,,Animalia,Craniata,Actinopterygii,Osmeriformes,Osmeridae,,,,,,,Native,Regularly occurring,,,N,N,
Spirinchus thaleichthys,,Longfin Smelt,,F-SPTH,AFCHB03010,G5,Feb 2016,S3?,May 2019,May 2019,,,Blue,,,,,,,,,4 - Secure(2005),,Vertebrate Animal,ray-finned fishes,,Animalia,Craniata,Actinopterygii,Osmeriformes,Osmeridae,,,,,CDF; CWH,,Native,Regularly occurring,,,N,Y,
Squalus suckleyi,Squalus acanthias,Spiny Dogfish,,F-SQSU,AFDEA07040,G5,Dec 2017,SNR,,,SC (Nov 2011),,Not Reviewed,,,,,,,,,,,Vertebrate Animal,cartilaginous fishes,,Animalia,Craniata,Chondrichthyes,Squaliformes,Squalidae,,,,,,,Native,Regularly occurring,,,N,N,
Stellerina xyosterna,Occella impi,Pixie Poacher,,F-STXY,AFC4F15010,GNR,,SNR,,Aug 2005,,,Not Reviewed,,,,,,,,,,,Vertebrate Animal,ray-finned fishes,,Animalia,Craniata,Actinopterygii,Perciformes,Agonidae,,,,,,,Native,Regularly occurring,,,N,N,
Stenobrachius leucopsarus,,Northern Lampfish,,F-STLE,AFCVH07010,G5,Dec 2017,SNR,,,,,Not Reviewed,,,,,,,,,,,Vertebrate Animal,ray-finned fishes,,Animalia,Craniata,Actinopterygii,Myctophiformes,Myctophidae,,,,,,,Native,Regularly occurring,,,N,N,
Stenobrachius nannochir,,Garnet Lanternfish,,F-STNA,AFCVH07020,G5,Dec 2017,SNR,,,,,Not Reviewed,,,,,,,,,,,Vertebrate Animal,ray-finned fishes,,Animalia,Craniata,Actinopterygii,Myctophiformes,Myctophidae,,,,,,,Native,Regularly occurring,,,N,N,
Stenodus leucichthys,,Inconnu,,F-STLU,AFCHA06010,G5,May 2016,S3,May 2019,Nov 2000,,,Blue,,,Alsek Ranges; Bulkley Basin; Bulkley Ranges; Cassiar Ranges; Central Boundary Ranges; Central Chilcotin Ranges; Chilcotin Plateau; Clear Hills; Continental Slope; Central Pacific Ranges; Dixon Entrance; Eastern Muskwa Ranges; Eastern Pacific Ranges; Eastern Skeena Mountains; Etsho Plateau; Fort Nelson Lowland; Fraser River Basin; Finlay River Trench; Georgia Lowland; Halfway Plateau; Hecate Lowland; Hecate Strait; Hyland Plateau; Juan de Fuca Strait; Johnstone Strait; Kechika Mountains; Kimsquit Mountains; Kitimat Ranges; Kluane Ranges; Kechika River Trench; Leeward Island Mountains; Liard Plain; Maxhamish Upland; Meziadin Mountains; Misinchinka Ranges; Muskwa Foothills; Muskwa Upland; Nass Basin; Nanaimo Lowland; Nass Mountains; Nazko Upland; Northern Boundary Ranges; North Coast Fjords; Nechako Upland; Northern Island Mountains; Northern Omineca Mountains; Northern Pacific Ranges; Northern Skeena Mountains; Nahwitti Lowland; Outer Fjordland; Pavilion Ranges; Peace Foothills; Peace Lowland; Petitot Plain; Queen Charlotte Ranges; Queen Charlotte Sound; Queen Charlotte Strait; Rabbit Plateau; Southern Boreal Plateau; Southern Boundary Ranges; Southern Chilcotin Ranges; Sikanni Chief Upland; Simpson Upland; Strait of Georgia; Southern Pacific Ranges; Southern Skeena Mountains; Stikine Highland; Stikine Plateau; Tatshenshini Basin; Tagish Highland; Teslin Basin; Teslin Plateau; Tahltan Highland; Trout Lake Plain; Tuya Range; Vancouver Island Shelf; Western Chilcotin Ranges; Western Chilcotin Upland; Whitehorse Upland; Windward Island Mountains; Western Muskwa Ranges,,,,,,4 - Secure(2005),,Vertebrate Animal,ray-finned fishes,,Animalia,Craniata,Actinopterygii,Salmoniformes,Salmonidae,,1- Vancouver Island; 2- Lower Mainland; 3- Thompson; 5- Cariboo; 6- Skeena; 7- Omineca; 9- Peace,Capital Regional District; Central Coast Regional District; Cariboo Regional District; Cowichan Valley Regional District; North Coast Regional District; Peace River Regional District; Regional District of Alberni-Clayoquot; Regional District of Bulkley-Nechako; Regional District of Kitimat-Stikine; Regional District of Mount Waddington; Regional District of Nanaimo; Sunshine Coast Regional District; Squamish-Lillooet Regional District; Strathcona Regional District; Stikine Region (Unincorporated); Thompson-Nicola Regional District; qathet Regional District,Port Alberni; Tofino; Ucluelet; Alert Bay; Port Alice; Port Hardy; Port McNeill; Campbell River; Gold River; Sayward; Tahsis; Zeballos; Kitimat; Stewart; NRRM; Port Edward; Prince Rupert,BWBS; CWH,,Native,Regularly occurring,,,N,Y,
Sternoptyx pseudobscura,,Highlight Hatchetface,,F-STPS,AFC7C02010,GNR,,SNR,,,,,Not Reviewed,,,,,,,,,,,Vertebrate Animal,ray-finned fishes,,Animalia,Craniata,Actinopterygii,Stomiiformes,Sternoptychidae,,,,,,,Native,Regularly occurring,,,N,N,
Stichaeus punctatus,,Arctic Shanny,,F-STPU,AFCSC17010,G5,Dec 2017,SNR,,,,,Not Reviewed,,,,,,,,,,,Vertebrate Animal,ray-finned fishes,,Animalia,Craniata,Actinopterygii,Perciformes,Stichaeidae,,,,,,,Native,Regularly occurring,,,N,N,
Symbolophorus californiensis,,Bigfin Lanternfish,,F-SYCA,AFCVH14010,GNR,,SNR,,,,,Not Reviewed,,,,,,,,,,,Vertebrate Animal,ray-finned fishes,,Animalia,Craniata,Actinopterygii,Myctophiformes,Myctophidae,,,,,,,Native,Regularly occurring,,,N,N,
Symphurus atricaudus,,California Tonguefish,,F-SYAT,AFCTC04020,GNR,,SNR,,,,,Not Reviewed,,,,,,,,,,,Vertebrate Animal,ray-finned fishes,,Animalia,Craniata,Actinopterygii,Carangiformes,Cynoglossidae,,,,,,,Native,Regularly occurring,,,N,N,
Synchirus gilli,,Manacled Sculpin,,F-SYGI,AFC4E15010,GNR,,SNR,,,,,Not Reviewed,,,,,,,,,,,Vertebrate Animal,ray-finned fishes,,Animalia,Craniata,Actinopterygii,Perciformes,Psychrolutidae,,,,,,,Native,Regularly occurring,,,N,N,
Syngnathus leptorhynchus,,Bay Pipefish,,F-SYLE,AFCPB010D0,G5,Dec 2017,SNR,,,,,Not Reviewed,,,,,,,,,,,Vertebrate Animal,ray-finned fishes,,Animalia,Craniata,Actinopterygii,Syngnathiformes,Syngnathidae,,,,,,,Native,Regularly occurring,,,N,N,
Synodus lucioceps,,Smallscale Lizardfish,,F-SYLU,AFC8B02030,GNR,,SNR,,,,,Not Reviewed,,,,,,,,,,,Vertebrate Animal,ray-finned fishes,,Animalia,Craniata,Actinopterygii,Aulopiformes,Synodontidae,,,,,,,Native,Regularly occurring,,,N,N,
Tactostoma macropus,,Longfin Dragonfish,,F-TAMA,AFC7B02010,G5,Dec 2017,SNR,,,,,Not Reviewed,,,,,,,,,,,Vertebrate Animal,ray-finned fishes,,Animalia,Craniata,Actinopterygii,Stomiiformes,Stomiidae,,,,,,,Native,Regularly occurring,,,N,N,
Talismania bifurcata,,Threadfin Slickhead,,F-TABI,AFCHH01010,GNR,,SNR,,,,,Not Reviewed,,,,,,,,,,,Vertebrate Animal,ray-finned fishes,,Animalia,Craniata,Actinopterygii,Alepocephaliformes,Alepocephalidae,,,,,,,Native,Regularly occurring,,,N,N,
Taractes asper,,Rough Pomfret,,F-TAAS,AFCRH03010,GNR,,SNR,,,,,Not Reviewed,,,,,,,,,,,Vertebrate Animal,ray-finned fishes,,Animalia,Craniata,Actinopterygii,Scombriformes,Bramidae,,,,,,,Native,Regularly occurring,,,N,N,
Taranetzella lyoderma,,Ghostly Eelpout,,F-TALY,AFCMG06010,G5,Mar 2009,SNR,,,,,Not Reviewed,,,,,,,,,,,Vertebrate Animal,ray-finned fishes,,Animalia,Craniata,Actinopterygii,Perciformes,Zoarcidae,,,,,,,Native,Regularly occurring,,,N,N,
Tarletonbeania crenularis,,Blue Lanternfish,,F-TACR,AFCVH08010,GNR,,SNR,,,,,Not Reviewed,,,,,,,,,,,Vertebrate Animal,ray-finned fishes,,Animalia,Craniata,Actinopterygii,Myctophiformes,Myctophidae,,,,,,,Native,Regularly occurring,,,N,N,
Tarletonbeania taylori,,Taillight Lanternfish,,F-TATA,AFCVH08020,GNR,,SNR,,,,,Not Reviewed,,,,,,,,,,,Vertebrate Animal,ray-finned fishes,,Animalia,Craniata,Actinopterygii,Myctophiformes,Myctophidae,,,,,,,Native,Regularly occurring,,,N,N,
Tetragonurus cuvieri,,Smalleye Squaretail,,F-TECU,AFCS409020,GNR,,SNR,,,,,Not Reviewed,,,,,,,,,,,Vertebrate Animal,ray-finned fishes,,Animalia,Craniata,Actinopterygii,Scombriformes,Tetragonuridae,,,,,,,Native,Regularly occurring,,,N,N,
Thaleichthys pacificus,,Eulachon,,F-THPA,AFCHB04010,G4,Apr 2025,S2S3,Jan 2004,Mar 2000,E/T (May 2011),"Pacific Coast (E), Fraser River (E) and Nass/Skeena River (T) populations.",Blue,,,Alsek Ranges; Bulkley Basin; Bulkley Ranges; Central Boundary Ranges; Central Chilcotin Ranges; Chilcotin Plateau; Continental Slope; Central Pacific Ranges; Cranberry Upland; Dixon Entrance; Eastern Pacific Ranges; Eastern Skeena Mountains; Fraser River Basin; Fraser Lowland; Georgia Lowland; Hecate Lowland; Hecate Strait; Hozameen Range; Juan de Fuca Strait; Johnstone Strait; Kimsquit Mountains; Kitimat Ranges; Leeward Island Mountains; Leeward Pacific Ranges; Meziadin Mountains; Nass Basin; Nanaimo Lowland; Nass Mountains; Nazko Upland; Northern Boundary Ranges; North Coast Fjords; Nechako Upland; Nicola Basin; Northern Island Mountains; Northern Pacific Ranges; Northern Skeena Mountains; Northwestern Cascade Ranges; Nahwitti Lowland; Okanagan Range; Outer Fjordland; Pavilion Ranges; Queen Charlotte Lowland; Queen Charlotte Ranges; Queen Charlotte Sound; Queen Charlotte Strait; Sub-Arctic Pacific; Southern Boreal Plateau; Southern Boundary Ranges; Southern Chilcotin Ranges; Southern Gulf Islands; Skidegate Plateau; Strait of Georgia; Southern Pacific Ranges; Southern Skeena Mountains; Stikine Highland; Stikine Plateau; Tatshenshini Basin; Tagish Highland; Teslin Plateau; Tahltan Highland; Transitional Pacific; Vancouver Island Shelf; Western Chilcotin Ranges; Western Chilcotin Upland; Windward Island Mountains,,,,,,2 - May be at risk(2005),,Vertebrate Animal,ray-finned fishes,,Animalia,Craniata,Actinopterygii,Osmeriformes,Osmeridae,,1- Vancouver Island; 2- Lower Mainland; 3- Thompson; 5- Cariboo; 6- Skeena; 8- Okanagan,Capital Regional District; Central Coast Regional District; Comox Valley Regional District; Cariboo Regional District; Cowichan Valley Regional District; Fraser Valley Regional District; Metro Vancouver Regional District; North Coast Regional District; Regional District of Alberni-Clayoquot; Regional District of Bulkley-Nechako; Regional District of Kitimat-Stikine; Regional District of Mount Waddington; Regional District of Nanaimo; Regional District of Okanagan-Similkameen; Sunshine Coast Regional District; Squamish-Lillooet Regional District; Strathcona Regional District; Stikine Region (Unincorporated); Thompson-Nicola Regional District; qathet Regional District,Anmore; Belcarra; Bowen Island; Burnaby; Coquitlam; Delta; Langley - City; Maple Ridge; New Westminster; North Vancouver - City; Pitt Meadows; Port Coquitlam; Port Moody; Richmond; Surrey; Vancouver; West Vancouver; White Rock; Lions Bay; Langley - District; North Vancouver - District; Princeton; Squamish; Whistler; Pemberton; Port Alberni; Tofino; Ucluelet; Central Saanich; Highlands; Langford; North Saanich; Oak Bay; Saanich; Sidney; Comox; Courtenay; Ladysmith; North Cowichan; Alert Bay; Port Alice; Port Hardy; Port McNeill; Parksville; Lantzville; Nanaimo; Qualicum Beach; Powell River; Gibsons; Sechelt; Campbell River; Gold River; Sayward; Tahsis; Zeballos; Kitimat; Hazelton; New Hazelton; Stewart; Terrace; Daajing Giids; Masset; Port Clements; Port Edward; Prince Rupert; Abbotsford; Chilliwack; Harrison Hot Springs; Hope; Kent; Mission,CWH,,Native,Regularly occurring,,,N,Y,
Thaleichthys pacificus pop. 1,,Eulachon - Central Pacific Coast population,,F-THPA-01,AFCHB04011,G4TNRQ,,SNR,,,E (May 2011),,Not Reviewed,,,,,,,,,,,Vertebrate Animal,ray-finned fishes,,Animalia,Craniata,Actinopterygii,Osmeriformes,Osmeridae,,,,,,,Native,Regularly occurring,,,,,
Thaleichthys pacificus pop. 2,,Eulachon - Fraser River Population,,F-THPA-02,AFCHB04012,G4TNRQ,,SNR,,,E (May 2011),,Not Reviewed,,,,,,,,,,,Vertebrate Animal,ray-finned fishes,,Animalia,Craniata,Actinopterygii,Osmeriformes,Osmeridae,,,,,,,Native,Regularly occurring,,,,,
Thaleichthys pacificus pop. 3,,Eulachon - Nass / Skeena Rivers Population,,F-THPA-03,AFCHB04013,G4TNRQ,,SNR,,,SC (Apr 2013),,Not Reviewed,,,,,,,,,,,Vertebrate Animal,ray-finned fishes,,Animalia,Craniata,Actinopterygii,Osmeriformes,Osmeridae,,,,,,,Native,Regularly occurring,,,,,
Theragra chalcogramma,,Walleye Pollock,,F-THCH,AFCMA14010,G5,Apr 2017,SNR,,,,,Not Reviewed,,,,,,,,,,,Vertebrate Animal,ray-finned fishes,,Animalia,Craniata,Actinopterygii,Gadiformes,Gadidae,,,,,,,Native,Regularly occurring,,,N,N,
Thunnus alalunga,,Albacore,,F-THAL,AFCS308010,G5,Dec 2017,SNR,,,,,Not Reviewed,,,,,,,,,,,Vertebrate Animal,ray-finned fishes,,Animalia,Craniata,Actinopterygii,Scombriformes,Scombridae,,,,,,,Native,Regularly occurring,,,N,N,
Thunnus orientalis,,Pacific Bluefin Tuna,,F-THOR,AFCS308060,GNR,,SNR,,,,,Not Reviewed,,,,,,,,,,,Vertebrate Animal,ray-finned fishes,,Animalia,Craniata,Actinopterygii,Scombriformes,Scombridae,,,,,,,Native,Regularly occurring,,,N,N,
Thymallus arcticus,,Arctic Grayling,,F-THAR,AFCHA07010,G5,Jun 2015,S4,Jan 2004,Mar 2000,,,Yellow,,,,,,,,,4 - Secure(2005),,Vertebrate Animal,ray-finned fishes,,Animalia,Craniata,Actinopterygii,Salmoniformes,Salmonidae,,,,,,,Native,Regularly occurring,,,N,N,
Thymallus arcticus - Nahanni lineage,Thymallus arcticus pop. 3,Arctic Grayling - Nahanni Lineage,,F-THAR-03,AFCHA07013,G5TNRQ,,S3?,Jan 2012,Jan 2012,,,Blue,,,,,,,,,,,Vertebrate Animal,ray-finned fishes,,Animalia,Craniata,Actinopterygii,Salmoniformes,Salmonidae,,,,,,,Native,Regularly occurring,,,N,Y,
Thymallus arcticus - South Beringia lineage,Thymallus arcticus - Southern Beringean lineage; Thymallus arcticus pop. 4,Arctic Grayling - South Beringia lineage,Arctic Grayling - Southern Beringean lineage,F-THAR-04,AFCHA07014,G5TNRQ,,S4?,Jan 2012,Jan 2012,,,Yellow,,,,,,,,,,,Vertebrate Animal,ray-finned fishes,,Animalia,Craniata,Actinopterygii,Salmoniformes,Salmonidae,,,,,,,Native,Regularly occurring,,,N,N,
Tinca tinca,,Tench,,F-TITI,AFCJB43010,G5,Sep 1996,SNA,Jul 2025,Jan 2003,,,Exotic,,,,,,,,,7 - Exotic(2005),,Vertebrate Animal,ray-finned fishes,,Animalia,Craniata,Actinopterygii,Cypriniformes,Tincidae,,,,,,,Exotic,Regularly occurring,,,N,N,
Torpedo californica,,Pacific Electric Ray,,F-TOCA,AFDFB02010,GNR,,SNR,,,,,Not Reviewed,,,,,,,,,,,Vertebrate Animal,cartilaginous fishes,,Animalia,Craniata,Chondrichthyes,Torpediniformes,Torpedinidae,,,,,,,Native,Regularly occurring,,,N,N,
Trachipterus altivelis,,King-of-the-salmon,,F-TRAL,AFC2C02010,GNR,,SNR,,,,,Not Reviewed,,,,,,,,,,,Vertebrate Animal,ray-finned fishes,,Animalia,Craniata,Actinopterygii,Lampriformes,Trachipteridae,,,,,,,Native,Regularly occurring,,,N,N,
Trachurus symmetricus,,Jack Mackerel,,F-TRSY,AFCQZ13020,G5,Dec 2017,SNR,,,,,Not Reviewed,,,,,,,,,,,Vertebrate Animal,ray-finned fishes,,Animalia,Craniata,Actinopterygii,Carangiformes,Carangidae,,,,,,,Native,Regularly occurring,,,N,N,
Trichodon trichodon,,Pacific Sandfish,,F-TRTR,AFCRW02010,GNR,,SNR,,,,,Not Reviewed,,,,,,,,,,,Vertebrate Animal,ray-finned fishes,,Animalia,Craniata,Actinopterygii,Perciformes,Trichodontidae,,,,,,,Native,Regularly occurring,,,N,N,
Triglops macellus,,Roughspine Sculpin,,F-TRMA,AFC4E16020,GNR,,SNR,,,,,Not Reviewed,,,,,,,,,,,Vertebrate Animal,ray-finned fishes,,Animalia,Craniata,Actinopterygii,Perciformes,Psychrolutidae,,,,,,,Native,Regularly occurring,,,N,N,
Triglops pingelii,,Ribbed Sculpin,,F-TRPI,AFC4E16050,G5,Dec 2017,SNR,,,,,Not Reviewed,,,,,,,,,,,Vertebrate Animal,ray-finned fishes,,Animalia,Craniata,Actinopterygii,Perciformes,Psychrolutidae,,,,,,,Native,Regularly occurring,,,N,N,
Xeneretmus latifrons,,Blacktip Poacher,,F-XELA,AFC4F16010,GNR,,SNR,,,,,Not Reviewed,,,,,,,,,,,Vertebrate Animal,ray-finned fishes,,Animalia,Craniata,Actinopterygii,Perciformes,Agonidae,,,,,,,Native,Regularly occurring,,,N,N,
Xeneretmus leiops,,Smootheye Poacher,,F-XELE,AFC4F16020,GNR,,SNR,,,,,Not Reviewed,,,,,,,,,,,Vertebrate Animal,ray-finned fishes,,Animalia,Craniata,Actinopterygii,Perciformes,Agonidae,,,,,,,Native,Regularly occurring,,,N,N,
Xeneretmus triacanthus,,Bluespotted Poacher,,F-XETR,AFC4F16040,GNR,,SNR,,,,,Not Reviewed,,,,,,,,,,,Vertebrate Animal,ray-finned fishes,,Animalia,Craniata,Actinopterygii,Perciformes,Agonidae,,,,,,,Native,Regularly occurring,,,N,N,
Xenomystax atrarius,,Twinpored Eel,,F-XEAT,AFCEG09020,GNR,,SNR,,,,,Not Reviewed,,,,,,,,,,,Vertebrate Animal,ray-finned fishes,,Animalia,Craniata,Actinopterygii,Anguilliformes,Congridae,,,,,,,Native,Regularly occurring,,,N,N,
Xiphias gladius,,Swordfish,,F-XIGL,AFCSM01010,G5,Dec 2017,SNR,,,,,Not Reviewed,,,,,,,,,,,Vertebrate Animal,ray-finned fishes,,Animalia,Craniata,Actinopterygii,Carangiformes,Xiphiidae,,,,,,,Native,Regularly occurring,,,N,N,
Xiphister atropurpureus,,Black Prickleback,,F-XIAT,AFCSC19010,GNR,,SNR,,,,,Not Reviewed,,,,,,,,,,,Vertebrate Animal,ray-finned fishes,,Animalia,Craniata,Actinopterygii,Perciformes,Stichaeidae,,,,,,,Native,Regularly occurring,,,N,N,
Xiphister mucosus,,Rock Prickleback,,F-XIMU,AFCSC19020,GNR,,SNR,,,,,Not Reviewed,,,,,,,,,,,Vertebrate Animal,ray-finned fishes,,Animalia,Craniata,Actinopterygii,Perciformes,Stichaeidae,,,,,,,Native,Regularly occurring,,,N,N,
Zaniolepis latipinnis,,Longspine Combfish,,F-ZALA,AFC4D05020,GNR,,SNR,,,,,Not Reviewed,,,,,,,,,,,Vertebrate Animal,ray-finned fishes,,Animalia,Craniata,Actinopterygii,Perciformes,Zaniolepididae,,,,,,,Native,Regularly occurring,,,N,N,
Zaprora silenus,,Prowfish,,F-ZASI,AFCSH01010,G4G5,Jan 2008,SNR,,,,,Not Reviewed,,,,,,,,,,,Vertebrate Animal,ray-finned fishes,,Animalia,Craniata,Actinopterygii,Perciformes,Zaproridae,,,,,,,Native,Regularly occurring,,,N,N,
